algo,boundary_hit_ratio_ci95_high,boundary_hit_ratio_ci95_low,boundary_hit_ratio_mean,boundary_hit_ratio_std,collision_agent_ratio_ci95_high,collision_agent_ratio_ci95_low,collision_agent_ratio_mean,collision_agent_ratio_std,completed_mean_ci95_high,completed_mean_ci95_low,completed_mean_mean,completed_mean_std,completed_value_mean_ci95_high,completed_value_mean_ci95_low,completed_value_mean_mean,completed_value_mean_std,coverage_overlap_ratio_mean_ci95_high,coverage_overlap_ratio_mean_ci95_low,coverage_overlap_ratio_mean_mean,coverage_overlap_ratio_mean_std,detected_mean_ci95_high,detected_mean_ci95_low,detected_mean_mean,detected_mean_std,detected_to_completed_ratio_ci95_high,detected_to_completed_ratio_ci95_low,detected_to_completed_ratio_mean,detected_to_completed_ratio_std,detected_value_mean_ci95_high,detected_value_mean_ci95_low,detected_value_mean_mean,detected_value_mean_std,detection_probability,episode_length_mean_ci95_high,episode_length_mean_ci95_low,episode_length_mean_mean,episode_length_mean_std,first_completion_step_mean_ci95_high,first_completion_step_mean_ci95_low,first_completion_step_mean_mean,first_completion_step_mean_std,first_detection_step_mean_ci95_high,first_detection_step_mean_ci95_low,first_detection_step_mean_mean,first_detection_step_mean_std,global_state_mode,had_completion_mean_ci95_high,had_completion_mean_ci95_low,had_completion_mean_mean,had_completion_mean_std,had_detection_mean_ci95_high,had_detection_mean_ci95_low,had_detection_mean_mean,had_detection_mean_std,is_baseline,knowledge_overlap_ratio_mean_ci95_high,knowledge_overlap_ratio_mean_ci95_low,knowledge_overlap_ratio_mean_mean,knowledge_overlap_ratio_mean_std,local_new_observed_cells_per_decision_ci95_high,local_new_observed_cells_per_decision_ci95_low,local_new_observed_cells_per_decision_mean,local_new_observed_cells_per_decision_std,local_sensor_revisit_ratio_ci95_high,local_sensor_revisit_ratio_ci95_low,local_sensor_revisit_ratio_mean,local_sensor_revisit_ratio_std,mean_local_coverage_ratio_mean_ci95_high,mean_local_coverage_ratio_mean_ci95_low,mean_local_coverage_ratio_mean_mean,mean_local_coverage_ratio_mean_std,n_training_seeds,new_observed_cells_per_step_ci95_high,new_observed_cells_per_step_ci95_low,new_observed_cells_per_step_mean,new_observed_cells_per_step_std,policy_mode,revisit_ratio_ci95_high,revisit_ratio_ci95_low,revisit_ratio_mean,revisit_ratio_std,reward_mean_ci95_high,reward_mean_ci95_low,reward_mean_mean,reward_mean_std,reward_mode,scope,sensor_coverage_ratio_mean_ci95_high,sensor_coverage_ratio_mean_ci95_low,sensor_coverage_ratio_mean_mean,sensor_coverage_ratio_mean_std,sensor_revisit_ratio_ci95_high,sensor_revisit_ratio_ci95_low,sensor_revisit_ratio_mean,sensor_revisit_ratio_std,simultaneous_sensor_overlap_ratio_mean_ci95_high,simultaneous_sensor_overlap_ratio_mean_ci95_low,simultaneous_sensor_overlap_ratio_mean_mean,simultaneous_sensor_overlap_ratio_mean_std,stay_ratio_ci95_high,stay_ratio_ci95_low,stay_ratio_mean,stay_ratio_std,team_coverage_ratio_mean_ci95_high,team_coverage_ratio_mean_ci95_low,team_coverage_ratio_mean_mean,team_coverage_ratio_mean_std,team_new_observed_cells_per_env_step_ci95_high,team_new_observed_cells_per_env_step_ci95_low,team_new_observed_cells_per_env_step_mean,team_new_observed_cells_per_env_step_std,tracking_progress_ratio_ci95_high,tracking_progress_ratio_ci95_low,tracking_progress_ratio_mean,tracking_progress_ratio_std,training_seeds,uncertainty_unit
baseline_local_frontier,nan,nan,0.0,nan,nan,nan,0.381615925058548,nan,3.732933218675981,3.5737334479906857,3.6533333333333333,0.7022503510540635,4.673737278826184,4.472929387840482,4.573333333333333,0.8857890393441444,0.5464812804285666,0.4880773583377363,0.5172793193831514,0.25762709716646703,3.736183113481207,3.5771502198521263,3.6566666666666667,0.70151423522422,nan,nan,0.9990884229717412,nan,4.677038615886874,4.47629471744646,4.576666666666667,0.8855067601222604,0.7,90.42899921691641,80.3710007830836,85.4,44.367104931469214,13.00110852215224,10.691199170155453,11.846153846153847,10.172249462146711,9.183775153931347,6.883114478175678,8.033444816053512,10.131520659590903,memory_union,1.0032,0.9901333333333334,0.9966666666666667,0.05763872155263527,1.0032,0.9901333333333334,0.9966666666666667,0.05763872155263527,True,0.17067768159977212,0.11987787395578339,0.14527777777777776,0.2240843852846402,nan,nan,2.233489461358314,nan,nan,nan,0.474199843871975,nan,0.5007459794528,0.45795402148895337,0.47935000047087667,0.1887607461558849,1,,,,,deterministic,,,,,12.72348571729668,10.338677065032789,11.531081391164735,10.519692999807695,task_potential,multi,,,,,,,,,nan,nan,0.1873380713290692,nan,nan,nan,0.0,nan,0.8406514591965069,0.8050485443082462,0.8228500017523765,0.1570489666612218,nan,nan,3.818969555035129,nan,nan,nan,0.042805100182149364,nan,999,evaluation_episode
baseline_local_frontier,nan,nan,0.0,nan,nan,nan,0.32519118093139837,nan,3.869873464228879,3.7301265357711206,3.8,0.6164414002968976,4.840265581144495,4.659734418855505,4.75,0.796345821026686,0.4770756706103141,0.42083214376434197,0.448953907187328,0.24809732012855776,3.869873464228879,3.7301265357711206,3.8,0.6164414002968976,nan,nan,1.0,nan,4.840265581144495,4.659734418855505,4.75,0.796345821026686,1.0,74.07617652637433,65.117156806959,69.59666666666666,39.51937063713889,11.161149045176835,9.467613496629184,10.31438127090301,7.4578970200490105,7.230933272711129,5.551675422941045,6.391304347826087,7.395021689644699,memory_union,1.0032,0.9901333333333334,0.9966666666666667,0.05763872155263527,1.0032,0.9901333333333334,0.9966666666666667,0.05763872155263527,True,0.15436000378073655,0.10786221844148565,0.1311111111111111,0.20510762004974153,nan,nan,2.4947076009387423,nan,nan,nan,0.40033845809984514,nan,0.45651345531697207,0.41660320793037475,0.4365583316236734,0.17604915583261774,1,,,,,deterministic,,,,,15.812823643342245,13.758493024688853,14.78565833401555,9.061912538695085,task_potential,multi,,,,,,,,,nan,nan,0.16825578327968507,nan,nan,nan,0.0,nan,0.8195780135388807,0.7840053229336307,0.8017916682362557,0.1569156435209732,nan,nan,4.565113271708415,nan,nan,nan,0.054600316107093254,nan,999,evaluation_episode
baseline_random,nan,nan,0.0,nan,nan,nan,0.005377777777777778,nan,0.16922730375757664,0.09077269624242337,0.13,0.34607320998116375,0.22409605066806476,0.11590394933193526,0.17,0.4772490614623215,0.3529454553040676,0.3158427985668001,0.33439412693543386,0.1636645178986508,2.5402607173804275,2.306405949286239,2.4233333333333333,1.0315629996380358,nan,nan,0.05364511691884457,nan,3.152636816562537,2.847363183437463,3.0,1.346600658448277,0.7,150.0,150.0,150.0,0.0,99.3376522693313,72.71497930961607,86.02631578947368,41.31107079993351,25.054668680294967,18.4795778950475,21.767123287671232,28.612920037884795,memory_union,0.16436669411841404,0.08896663921491932,0.12666666666666668,0.33259919155377127,0.9915947994452294,0.9550718672214373,0.9733333333333334,0.16110727964792765,True,0.10120104235191033,0.04991006875920076,0.07555555555555554,0.22625098049033843,nan,nan,0.7292222222222222,nan,nan,nan,0.7240814814814814,nan,0.2810434930169971,0.27087317659016535,0.27595833480358123,0.04486255382359825,1,,,,,deterministic,,,,,-7.6053768728751,-8.205712844773178,-7.905544858824139,2.648158004254897,task_potential,multi,,,,,,,,,nan,nan,0.03522813352713713,nan,nan,nan,0.0,nan,0.6175003349935275,0.5946496671283978,0.6060750010609627,0.1007971899772933,nan,nan,1.5962,nan,nan,nan,0.009585185185185184,nan,999,evaluation_episode
baseline_random,nan,nan,0.0,nan,nan,nan,0.005377777777777778,nan,0.16922730375757664,0.09077269624242337,0.13,0.34607320998116375,0.22409605066806476,0.11590394933193526,0.17,0.4772490614623215,0.3529454553040676,0.3158427985668001,0.33439412693543386,0.1636645178986508,2.6168840338498285,2.3831159661501715,2.5,1.0311805532172014,nan,nan,0.052,nan,3.2493310713370516,2.944002261996282,3.0966666666666667,1.3468440477237478,1.0,150.0,150.0,150.0,0.0,99.3376522693313,72.71497930961607,86.02631578947368,41.31107079993351,22.238419329160685,16.131443684537942,19.184931506849313,26.5758164411906,memory_union,0.16436669411841404,0.08896663921491932,0.12666666666666668,0.33259919155377127,0.9915947994452294,0.9550718672214373,0.9733333333333334,0.16110727964792765,True,0.10875522401600052,0.0551336648728884,0.08194444444444446,0.23653148852051048,nan,nan,0.7292222222222222,nan,nan,nan,0.7240814814814814,nan,0.2810434930169971,0.27087317659016535,0.27595833480358123,0.04486255382359825,1,,,,,deterministic,,,,,-7.750662496838456,-8.354449443032046,-8.05255596993525,2.6633806889363467,task_potential,multi,,,,,,,,,nan,nan,0.03522813352713713,nan,nan,nan,0.0,nan,0.6175003349935275,0.5946496671283978,0.6060750010609627,0.1007971899772933,nan,nan,1.5962,nan,nan,nan,0.009614814814814816,nan,999,evaluation_episode
bayes_qmix_independent,0.0,0.0,0.0,0.0,0.10089753144857197,0.032934567316860126,0.06691604938271604,0.013678283396363712,0.5383035714073833,0.08614087303706117,0.31222222222222223,0.09100264546419232,0.7060767856929315,0.09836765875151288,0.4022222222222222,0.12230805067230553,0.39309678818076343,0.2653107133908714,0.32920375078581743,0.025718333027642273,2.6047707092996353,2.2930070684781434,2.4488888888888893,0.06274581290442462,0.2300277840794564,0.026342718970612036,0.1281852515250342,0.040993827737798416,3.267828420966049,2.8810604679228393,3.074444444444444,0.07784124394727548,0.7,150.0,150.0,150.0,0.0,59.13165701638365,41.215145280418646,50.17340114840115,3.605892240424757,34.53123604854697,5.50795972017098,20.019597884358976,5.841249035888719,memory_union,0.4294449583786043,0.12166615273250678,0.27555555555555555,0.061943821621183795,1.0147176673085656,0.9297267771358789,0.9722222222222222,0.01710533813148961,False,0.08840106749494997,0.051598932505050044,0.07,0.007406828681096328,0.8142258104946013,0.7217248067893495,0.7679753086419754,0.01861682990571847,0.8166397964106926,0.775547857910295,0.7960938271604938,0.008270198148290062,0.30783467985893376,0.2731468022759912,0.2904907410674625,0.006981311454843821,3,,,,,posterior_mean,,,,,-5.599155091340004,-10.571144347005356,-8.08514971917268,1.0006667447709685,task_potential,multi,,,,,,,,,0.09269021544317085,0.045157954302725345,0.0689240848729481,0.00956638290656326,0.0,0.0,0.0,0.0,0.6402645701355388,0.6270909858889065,0.6336777780122227,0.002651326659650933,1.6873721913764295,1.6522426234383858,1.6698074074074076,0.0070702064276823426,0.003749699757952707,0.0012873372790843296,0.0025185185185185185,0.0004955771461830439,"42,43,44",training_seed
bayes_qmix_independent,0.0,0.0,0.0,0.0,0.07585801787474702,0.0601814882980925,0.06801975308641976,0.003155071544634192,0.5092944953939864,0.11514994905045806,0.31222222222222223,0.07932586332711794,0.6297036264006357,0.12807415137714206,0.3788888888888889,0.10095837059200488,0.559235845655994,0.1603054595403546,0.3597706525981743,0.08028906547006243,3.1032641088372506,2.014513668940527,2.5588888888888888,0.21912283042808403,0.1836935161519321,0.05876431095927353,0.12122891355560282,0.02514335704658172,3.9138491130908157,2.4350397757980735,3.1744444444444446,0.29762641260728456,1.0,150.0,150.0,150.0,0.0,69.3358784486328,40.1737096666901,54.75479405766145,5.869202648062253,17.506238720572007,13.041133798622546,15.273686259597277,0.8986507768931362,memory_union,0.422108395121364,0.1156693826564138,0.2688888888888889,0.0616741737172352,1.004690636641519,0.9264204744695921,0.9655555555555555,0.015752718754175325,False,0.14211901321519957,0.038992097895911536,0.09055555555555556,0.020755409825802935,1.1189978320951202,0.5076194518554971,0.8133086419753086,0.12304652768117492,0.8717566507510839,0.7029445838168173,0.7873506172839506,0.033975258756782215,0.42212418874764784,0.1928572938276893,0.30749074128766857,0.046142448349398464,3,,,,,posterior_mean,,,,,-7.616547042047501,-9.58200554758737,-8.599276294817436,0.39556983404176727,task_potential,multi,,,,,,,,,0.10204943999260703,0.043589680871094175,0.0728195604318506,0.011765660352858281,0.0,0.0,0.0,0.0,0.7959225260058,0.5034941405549027,0.6497083332803514,0.0588543831252951,2.1024600689114346,1.322651042199676,1.7125555555555554,0.15694502143453426,0.003567452796815981,0.0012671151044185867,0.0024172839506172838,0.00046296790120823076,"42,43,44",training_seed
bayes_qmix_independent,0.0,0.0,0.0,0.0,0.0878105523523594,0.06199685505504801,0.07490370370370371,0.005195286457139989,0.4998047117561186,0.09130639935499255,0.29555555555555557,0.08221471437193748,0.6945738586476067,0.06542614135239327,0.37999999999999995,0.12662279942148386,0.3301852416502511,0.2559024886531115,0.2930438651516813,0.014950209425648975,2.3598788269717317,2.2312322841393795,2.2955555555555556,0.025891511550513533,0.2163467093860274,0.04098232140483321,0.1286645153954303,0.03529398440874382,2.9918850096349923,2.759226101476119,2.8755555555555556,0.04682512779045658,0.7,150.0,150.0,150.0,0.0,54.002226476947904,45.5798626606065,49.7910445687772,1.695092034595981,34.19937060754803,5.499891817070765,19.8496312123094,5.7760812707241485,memory_union,0.45973804922045336,0.0758175063351022,0.2677777777777778,0.07726817178094983,0.9537607421016788,0.9284614801205434,0.9411111111111111,0.005091750772173165,False,0.11794890751100504,0.05168072211862463,0.08481481481481483,0.013337190800022838,0.7605935330928723,0.6535546150552759,0.7070740740740741,0.021542742787394584,0.8264612692222267,0.7990053974444401,0.8127333333333334,0.005525791876042631,0.2877225754655323,0.2475829799641913,0.2676527777148618,0.008078528794281406,3,,,,,posterior_sample_independent,,,,,-6.225644246187541,-9.880804727704987,-8.053224486946265,0.735640676714634,task_potential,multi,,,,,,,,,0.06861396196985373,0.05906396812124634,0.06383896504555003,0.0019220398045268702,0.0,0.0,0.0,0.0,0.6305210737997562,0.5763233692996101,0.6034222215496832,0.01090787565045984,1.6613895343717275,1.5168623174801246,1.589125925925926,0.02908766938563597,0.003305078420983659,0.0013912178753126376,0.0023481481481481483,0.00038518518518518524,"42,43,44",training_seed
bayes_qmix_independent,0.0,0.0,0.0,0.0,0.1155937958873744,0.07373459917435399,0.09466419753086419,0.00842461718231135,0.3337468417714245,0.1240309360063533,0.2288888888888889,0.042207599807161295,0.42477632371736135,0.13966812072708307,0.2822222222222222,0.05738111703855715,0.4200134600016423,0.16875740788278534,0.29438543394221384,0.05056800464548386,2.8872278455288547,1.8416610433600344,2.3644444444444446,0.21043165513173523,0.13348546588640597,0.060123369619451125,0.09680441775292854,0.014764917276798146,3.599638039264625,2.284806405179819,2.942222222222222,0.2646241219653375,1.0,150.0,150.0,150.0,0.0,61.21863610665648,45.58022429220393,53.399430199430206,3.1473999317124357,16.546430292511165,14.532387958729768,15.539409125620466,0.4053478562286746,memory_union,0.31676458092214366,0.10990208574452302,0.21333333333333335,0.04163331998932266,1.001532927912365,0.9073559609765238,0.9544444444444444,0.0189541356769244,False,0.1037888436838488,0.06176671187170677,0.08277777777777778,0.008457409637576853,0.9386457903807142,0.46449988863163183,0.701572839506173,0.09542700348942267,0.8826376217180809,0.7438858350720425,0.8132617283950617,0.027925301430617628,0.3544921718564075,0.1766874587012885,0.265589815278848,0.035785126308375145,3,,,,,posterior_sample_independent,,,,,-7.501611548459731,-10.212982613287842,-8.857297080873787,0.5456928238966322,task_potential,multi,,,,,,,,,0.0874943860938955,0.06745707325368035,0.07747572967378792,0.0040327264567051905,0.0,0.0,0.0,0.0,0.7303669402783188,0.4645441701890623,0.5974555552336905,0.05349971457161198,1.927645175450732,1.2187844541788977,1.5732148148148148,0.14266590573236548,0.002357518868752822,0.001119024341123721,0.0017382716049382716,0.00024926045163253775,"42,43,44",training_seed
bayes_qmix_independent,0.0,0.0,0.0,0.0,0.136533521624997,0.07446400923920052,0.10549876543209875,0.012492162334792611,0.5205965800921882,0.04162564213003406,0.28111111111111114,0.09639809434108433,0.6770400298431091,0.03851552571244643,0.35777777777777775,0.12850997943667572,0.3671005353502165,0.2622875749625383,0.3146940551563774,0.021094744676175073,2.4377877029192216,2.0955456304141125,2.266666666666667,0.06887992773257273,0.23154865366051655,0.01669667377563136,0.12412266371807396,0.043241290409875385,3.119841192271502,2.546825474395165,2.8333333333333335,0.11532562594670802,0.7,150.0,150.0,150.0,0.0,54.85961032576203,39.1775942996779,47.01860231271996,3.156175752066825,28.324528985115293,9.30220470921718,18.813366847166236,3.8284490034750616,memory_union,0.45951491282283913,0.04270730939938311,0.2511111111111111,0.08388704928078612,1.0088037105083942,0.882307400602717,0.9455555555555556,0.025458753860865806,False,0.12977322576556466,0.05189344090110202,0.09083333333333334,0.015674151088517652,0.7886016442643519,0.6083613186986111,0.6984814814814815,0.03627531971329522,0.8379680499525152,0.793691209306744,0.8158296296296296,0.00891119423624292,0.2982256161241489,0.2306354951955785,0.2644305556598637,0.013603244659308433,3,,,,,posterior_sample_shared,,,,,-6.561147806100998,-10.134339779480165,-8.347743792790581,0.7191436257366972,task_potential,multi,,,,,,,,,0.12140460650092832,0.07036528549752438,0.09588494599922635,0.010272216728063322,0.0,0.0,0.0,0.0,0.6330582141159345,0.5306528976945376,0.5818555559052361,0.02061018022391667,1.6681552380238436,1.3950743916057864,1.531614814814815,0.054960481125957326,0.0036223165317822333,0.0008122513694523341,0.0022172839506172837,0.0005655560810753741,"42,43,44",training_seed
bayes_qmix_independent,0.0,0.0,0.0,0.0,0.1800021592107296,0.09901512473988772,0.13950864197530866,0.016299518761077172,0.4044543695858881,0.062212297080778634,0.23333333333333336,0.06887992773257275,0.49558617200413657,0.09774716132919684,0.2966666666666667,0.08006941432976208,0.4723328801116372,0.212947262193979,0.3426400711528081,0.052204167904488966,2.7726970074393904,1.7428585481161651,2.2577777777777777,0.20726615560495937,0.1583748538741746,0.04630454330650079,0.10233969859033769,0.022555365085200358,3.430785241458719,2.1803258696523926,2.805555555555556,0.2516685062478757,1.0,150.0,150.0,150.0,0.0,59.074119988061,45.57690533104342,52.32551265955221,2.716460788591421,16.69808560992653,12.0161976913133,14.357141650619914,0.9422807053661412,memory_union,0.34803482978513367,0.06974294799264413,0.2088888888888889,0.05600925849390472,0.9900333333333335,0.8944111111111113,0.9422222222222224,0.019245008972987525,False,0.12378209989954718,0.1026993815819343,0.11324074074074074,0.004243125643477637,0.939405562279692,0.47031789451043143,0.7048617283950617,0.09440897905883672,0.8784968828421539,0.749601882589945,0.8140493827160494,0.025941516300073096,0.3547770840193679,0.17886921204469108,0.2668231480320295,0.03540336645496883,3,,,,,posterior_sample_shared,,,,,-7.74105525641203,-10.383014183830632,-9.06203472012133,0.5317228786659532,task_potential,multi,,,,,,,,,0.1696230233444559,0.07836265276211615,0.12399283805328602,0.018367139038598247,0.0,0.0,0.0,0.0,0.695117234373317,0.4463605435514857,0.5707388889624013,0.0500649810859998,1.833645957052588,1.1702947836881532,1.5019703703703706,0.13350661579451917,0.002800632644854125,0.0007499846390964923,0.0017753086419753086,0.000412715144598189,"42,43,44",training_seed
bayes_qmix_shared,0.0,0.0,0.0,0.0,0.08311590235859301,0.06561496183893786,0.07436543209876544,0.0035222540274556825,0.4577534323488103,0.09780212320674522,0.27777777777777773,0.0724441036120135,0.5583517842116672,0.11942599356611044,0.33888888888888885,0.08833857426800426,0.4186595766917405,0.24805547855895238,0.33335752762534643,0.03433592446496114,2.800110038835868,2.079889961164132,2.44,0.1449520993677259,0.18033231191637972,0.04672513669076653,0.11352872430357312,0.02688989260359282,3.5268824084076833,2.5308953693700937,3.0288888888888885,0.20045319025019653,0.7,150.0,150.0,150.0,0.0,65.13761068332066,47.18989223188839,56.163751457604526,3.612172930260527,25.112481971291587,6.535586933238266,15.824034452264927,3.7388015399468424,memory_union,0.40970152497051743,0.0858540305850381,0.24777777777777776,0.06517781944916651,0.9921756556147305,0.9389354554963805,0.9655555555555555,0.010715167512214388,False,0.11792955614525076,0.0474408142251196,0.08268518518518518,0.014186623561152373,0.9245224017007772,0.6409887094103339,0.7827555555555555,0.05706422968912942,0.8191066880480522,0.7650019539272566,0.7920543209876544,0.010889164353616502,0.34919589903628323,0.24287076766283486,0.29603333334955906,0.02139908548225055,3,,,,,posterior_mean,,,,,-7.055361078078742,-10.308997991044414,-8.682179534561579,0.6548297051636187,task_potential,multi,,,,,,,,,0.080324027943773,0.052700020689511025,0.06651202431664201,0.005559630963633855,0.0,0.0,0.0,0.0,0.7038730425605011,0.579749180478967,0.641811111519734,0.024981273013814698,1.8569947764317596,1.5259978161608334,1.6914962962962965,0.0666167269742158,0.003689484025096535,0.0009277999255207488,0.0023086419753086417,0.0005558188676412232,"42,43,44",training_seed
bayes_qmix_shared,0.0,0.0,0.0,0.0,0.11690722735521411,0.03171005659540316,0.07430864197530863,0.017146854336174074,0.5865319971453365,0.12013466952133009,0.35333333333333333,0.09386751893552482,0.7258118750160287,0.16529923609508218,0.4455555555555555,0.11280924574664047,0.45019879614492075,0.2550330057749114,0.3526159009599161,0.03927923132932756,2.6452628968148026,2.419181547629642,2.5322222222222224,0.04550132273209609,0.22718172710791606,0.051457335887465275,0.13931953149769066,0.03536643896385441,3.299171007503542,2.998606770274236,3.148888888888889,0.060491811505849744,1.0,150.0,150.0,150.0,0.0,66.66548905754274,50.21069490598636,58.43809198176455,3.3117057283968,19.938539638346388,8.433014522028095,14.185777080187242,2.315611674322925,memory_union,0.46660180116858946,0.14673153216474383,0.30666666666666664,0.06437735971942654,0.9773399999999999,0.9582155555555556,0.9677777777777777,0.003849001794597466,False,0.10855028046091074,0.05885712694649663,0.08370370370370368,0.010001285925550215,0.9046303828903297,0.679483197356584,0.7920567901234569,0.04531331216890358,0.8388698091656082,0.7464832772541448,0.7926765432098765,0.01859379121609782,0.3417363925365515,0.2573061993299681,0.2995212959332598,0.01699249178789904,3,,,,,posterior_mean,,,,,-6.970244048619461,-9.821918630327549,-8.396081339473504,0.5739304278609265,task_potential,multi,,,,,,,,,0.07540806401801979,0.0673361859476712,0.0713721249828455,0.0016245529781948405,0.0,0.0,0.0,0.0,0.6668807625154426,0.6135914599849347,0.6402361112501886,0.010725049905037013,1.7583486979250722,1.6162438946675208,1.6872962962962965,0.028600132377603792,0.004672586172009739,0.0008977841983606309,0.0027851851851851852,0.000759719824177496,"42,43,44",training_seed
bayes_qmix_shared,0.0,0.0,0.0,0.0,0.0905786728790752,0.05127317897277666,0.07092592592592593,0.007910656804821982,0.3217601966680781,0.11823980333192194,0.22,0.04096068575814835,0.4436688888888889,0.11855333333333337,0.28111111111111114,0.06543303050815759,0.36162942762442446,0.24125239641241375,0.3014409120184191,0.02422718267760947,2.587209194500942,1.9639019166101692,2.2755555555555556,0.12544734766840246,0.14224458868087464,0.051359929129386674,0.09680225890513065,0.018291523120122843,3.240868262322953,2.4346872932326025,2.8377777777777777,0.16225266076686046,0.7,150.0,150.0,150.0,0.0,70.37072153401894,39.17507857230748,54.772900053163205,6.278461373978932,21.666366607185267,12.021478047506745,16.843922327346007,1.9411383939929134,memory_union,0.2813891458559688,0.12749974303292005,0.20444444444444443,0.030971910810591894,0.9897911761109728,0.9235421572223605,0.9566666666666667,0.013333333333333308,False,0.08895628636271359,0.061043713637286404,0.075,0.005617707893376849,0.8831193089011635,0.5586189627037748,0.7208691358024691,0.06530921295463252,0.8602608456818774,0.7594329814786165,0.809846913580247,0.020292700862038465,0.33366974076854333,0.21198211034575612,0.27282592555714974,0.02449095497849543,3,,,,,posterior_sample_independent,,,,,-6.959374665238181,-10.16383810647068,-8.56160638585443,0.6449330108310124,task_potential,multi,,,,,,,,,0.07352486123718804,0.05061000282900458,0.062067432033096316,0.004611863701048182,0.0,0.0,0.0,0.0,0.716528363418581,0.5062494145247652,0.6113888889716731,0.04232091834142087,1.8907422993587448,1.329998441381996,1.6103703703703705,0.11285578108853304,0.002933307264494451,0.0008691618713080182,0.0019012345679012346,0.000415431640158975,"42,43,44",training_seed
bayes_qmix_shared,0.0,0.0,0.0,0.0,0.12752048215738898,0.05140297463273445,0.08946172839506172,0.015319473667000694,0.43289876865005084,0.08932345357217142,0.2611111111111111,0.06914825725556269,0.5308094963968076,0.12030161471430345,0.32555555555555554,0.08261916197787247,0.32205019861414164,0.2754843213874668,0.2987672600008042,0.009371887666234651,2.653379161908041,2.0866208380919584,2.3699999999999997,0.11406625754845785,0.1815294577352623,0.038559774705681546,0.11004461622047192,0.028774198808883537,3.283849746455254,2.647261364655857,2.9655555555555555,0.12812031382577405,1.0,150.0,150.0,150.0,0.0,70.02474136508638,45.89456481892567,57.95965309200603,4.8564596529813215,16.969511963291072,13.686037814364182,15.327774888827628,0.6608347724006919,memory_union,0.3756837152857922,0.0954273958253189,0.23555555555555555,0.056404622873320244,0.9743978778369528,0.9211576777186027,0.9477777777777777,0.010715167512214388,False,0.1325613942681776,0.04595712425034092,0.08925925925925925,0.01743004831783722,0.7437885890339089,0.6688336331883136,0.7063111111111112,0.015085497537026836,0.8360422495047855,0.7925898492606467,0.8143160493827161,0.008745266666705382,0.28142072211670555,0.25331261214977163,0.2673666671332386,0.005657061883274768,3,,,,,posterior_sample_independent,,,,,-8.039921247958576,-9.326694762776564,-8.68330800536757,0.2589771212524676,task_potential,multi,,,,,,,,,0.07956522659737565,0.06649047332858211,0.07302784996297888,0.002631435853820318,0.0,0.0,0.0,0.0,0.6179979583707423,0.5807409277803065,0.5993694430755244,0.007498381352751907,1.6279945569561993,1.5286424800808376,1.5783185185185185,0.019995682661586762,0.00367152543970362,0.0006346473998025525,0.0021530864197530863,0.000611204631826497,"42,43,44",training_seed
bayes_qmix_shared,0.0,0.0,0.0,0.0,0.10740928283932942,0.09212158135820143,0.09976543209876543,0.0030768156746757667,0.37657455412219787,0.1789810014333576,0.27777777777777773,0.039767844818162826,0.4851934694924301,0.20591764161868104,0.34555555555555556,0.056207288310852165,0.39031715629392943,0.2777212259455795,0.3340191911197545,0.02266115176491151,2.526562116905728,1.9423267719831614,2.2344444444444447,0.11758369753467497,0.17875076329897635,0.07086701951537572,0.12480889140717603,0.021712773128507938,3.1700895453847915,2.36102156572632,2.7655555555555558,0.16283370294510516,0.7,150.0,150.0,150.0,0.0,62.805233637470806,47.429857873634376,55.11754575555259,3.094461074648829,29.57667229270119,5.260587950371196,17.418630121536193,4.893875612601161,memory_union,0.3524305809806959,0.1453471967970819,0.2488888888888889,0.041677776296691234,0.9719098035726612,0.9280901964273389,0.9500000000000001,0.008819171036882005,False,0.11355572584975165,0.0705183482243224,0.09203703703703703,0.008661738864951366,0.8501087199700907,0.6049826380546006,0.7275456790123457,0.04933428167998135,0.8483892595369827,0.7654823454012888,0.8069358024691358,0.016685915359257755,0.3212907716278005,0.22936848895644793,0.2753296302921242,0.018500356023064234,3,,,,,posterior_sample_shared,,,,,-7.242308506836951,-9.657704261734553,-8.450006384285752,0.4861245837635172,task_potential,multi,,,,,,,,,0.09643401335499588,0.08381283000013007,0.09012342167756297,0.0025401499909679525,0.0,0.0,0.0,0.0,0.6696704384135589,0.5211128939740474,0.5953916661938031,0.02989881650208056,1.7657878379041425,1.36963438431808,1.5677111111111113,0.07973017769055765,0.003333773277514113,0.0011551156113747752,0.0022444444444444443,0.0004384784766503331,"42,43,44",training_seed
bayes_qmix_shared,0.0,0.0,0.0,0.0,0.1632587879754093,0.0821239280739734,0.12269135802469135,0.016329270231730163,0.3790972476473625,0.17201386346374858,0.27555555555555555,0.04167777629669122,0.4491658152108187,0.22861196256695898,0.33888888888888885,0.04438885412319596,0.3490032051388536,0.3288029037013595,0.33890305442010654,0.004065529679054887,2.430000758432936,2.1011103526781754,2.2655555555555558,0.06619276003825113,0.15907974820262594,0.08363494780959688,0.1213573480061114,0.01518408406316741,2.9644497269950856,2.6622169396715822,2.813333333333334,0.06082762530298233,1.0,150.0,150.0,150.0,0.0,68.6162334067229,54.81477188428241,61.71550264550265,2.7776937689488523,17.589751868296098,11.32761951396197,14.458685691129034,1.2603220313069505,memory_union,0.33391375722624417,0.15941957610708918,0.24666666666666667,0.03511884584284248,0.9821756556147306,0.9289354554963806,0.9555555555555556,0.010715167512214388,False,0.16229033371621315,0.05622818480230539,0.10925925925925926,0.02134615741097193,0.7463443215649541,0.6647025920152927,0.7055234567901234,0.01643128324399385,0.832812421984688,0.7975727632004972,0.8151925925925926,0.007092363404091259,0.2823791205669651,0.25176347287642864,0.2670712967216969,0.006161731037257493,3,,,,,posterior_sample_shared,,,,,-8.310851632498713,-9.16189132165597,-8.736371477077341,0.17128096454543276,task_potential,multi,,,,,,,,,0.1315472210792526,0.0881626067034306,0.1098549138913416,0.008731624025761888,0.0,0.0,0.0,0.0,0.603251196945779,0.5459210243274049,0.5745861106365919,0.011538318821951898,1.5886698596981552,1.435789399561104,1.5122296296296296,0.03076885015592387,0.0027326279987124986,0.0014747794086949094,0.002103703703703704,0.00025315566652792695,"42,43,44",training_seed
qmix_ddqn,0.0,0.0,0.0,0.0,0.15939063846621013,0.03570071955848122,0.09754567901234568,0.024893937245208088,0.6868385402935278,0.28205034859536116,0.48444444444444446,0.08146801235477051,0.8577318363823343,0.3689348302843322,0.6133333333333333,0.09837569708915804,0.403324506434241,0.16662305949703815,0.2849737829656396,0.047638732549419464,2.8501423798898005,1.423190953443533,2.1366666666666667,0.28718944579802685,0.4157394019318376,0.050558916923375885,0.23314915942760675,0.07349653195065076,3.5515444334316717,1.7462333443461067,2.648888888888889,0.3633384301375438,0.7,150.0,150.0,150.0,0.0,57.18154031573523,42.04176314137105,49.61165172855314,3.0470443041215822,27.72585514295611,17.55113845841797,22.63849680068704,2.0477720485985142,memory_union,0.5552177777777778,0.24922666666666662,0.4022222222222222,0.06158402871356009,1.046967383449184,0.8308103943285936,0.9388888888888888,0.04350393766767089,False,0.17758774731711174,-0.00036552509488956,0.0886111111111111,0.0358150254695249,0.9225418259731089,0.38677175427380495,0.6546567901234569,0.10782953583058501,0.9093377049303304,0.726864764205472,0.8181012345679012,0.03672465772042284,0.3484531861819144,0.14753940730187798,0.2479962967418962,0.040436076337541475,3,,,,,deterministic,,,,,-3.2706497914022505,-9.832402152276996,-6.551525971839624,1.3206238061492088,task_potential,multi,,,,,,,,,0.1026152134055621,0.05469359250684083,0.07865440295620146,0.009644745779414331,0.0,0.0,0.0,0.0,0.729283700619768,0.39862741211921227,0.5639555563694901,0.06654816308681331,1.9247565362238959,1.0430064267390673,1.4838814814814816,0.1774617696034329,0.004971910265682823,0.002094756400983845,0.003533333333333334,0.0005790584098131283,"42,43,44",training_seed
qmix_ddqn,0.0,0.0,0.0,0.0,0.17332822287845773,0.026474246257344736,0.09990123456790123,0.02955595500828489,0.5120820561495615,0.1812512771837719,0.3466666666666667,0.06658328118479392,0.6673731447883797,0.1748490774338426,0.42111111111111116,0.09912580857640416,0.3680386181917742,0.18791965989097079,0.2779791390413725,0.03625089323534412,2.6474603316898775,1.8680952238656778,2.2577777777777777,0.15685567794537653,0.22830020171029475,0.07967876197386632,0.15398948184208053,0.029911676123347674,3.3344776052639085,2.247744616958315,2.7911111111111118,0.21871679642185016,1.0,150.0,150.0,150.0,0.0,74.34473560950529,40.62828758479449,57.48651159714989,6.785800723861774,34.05647382112903,7.874037393851717,20.965255607490374,5.269499204971701,memory_union,0.4458313711105578,0.1808352955561089,0.31333333333333335,0.053333333333333316,1.0146776722879898,0.8853223277120104,0.9500000000000001,0.026034165586355504,False,0.11851791074072959,0.05240801518519633,0.08546296296296296,0.013305333254154719,0.8199314608192397,0.484567304612859,0.6522493827160494,0.06749567250603263,0.871624113163394,0.7700005781946305,0.8208123456790123,0.02045283823038008,0.3099742973187707,0.18421273989752174,0.2470935186081462,0.02531087695707575,3,,,,,deterministic,,,,,-6.429432777078275,-8.58430480892649,-7.506868793002383,0.43369135986175794,task_potential,multi,,,,,,,,,0.10921042149443277,0.045819249181566234,0.07751483533799951,0.01275816072475463,0.0,0.0,0.0,0.0,0.6703160018377016,0.461222886610113,0.5657694442239073,0.04208225645910262,1.7675093360243637,1.2099277010126734,1.4887185185185186,0.11221934943150975,0.003584209975331713,0.001576283851828781,0.002580246913580247,0.0004041169025972459,"42,43,44",training_seed
shared_bdqn,0.0,0.0,0.0,0.0,0.12842543513821897,0.07720913276301561,0.10281728395061729,0.010307836147997074,0.4584268633347447,0.2549064699985887,0.3566666666666667,0.040960685758148346,0.5132655555555555,0.3889566666666666,0.4511111111111111,0.025018511664883784,0.3246567078424393,0.24018629997904184,0.28242150391074056,0.01700058542359632,2.328540095669098,1.6870154598864573,2.0077777777777777,0.1291137884595227,0.2509573085542378,0.10642176332162025,0.17868953593792902,0.029089345554562312,2.8792566666666666,2.1429655555555556,2.511111111111111,0.14818656909200398,0.7,150.0,150.0,150.0,0.0,80.3617345428539,15.861509116376297,48.111621829615096,12.98136968839242,39.187423883295374,19.142450986360522,29.164937434827948,4.034268126171538,memory_union,0.35819959457903183,0.2640226276431904,0.3111111111111111,0.01895413567692443,0.9553533333333334,0.8979800000000001,0.9266666666666667,0.011547005383792525,False,0.14157011785136148,0.07139284511160145,0.10648148148148147,0.014123937011606176,0.7330343506526561,0.5175730567547511,0.6253037037037036,0.0433639214612714,0.8506028557039087,0.802068749234363,0.8263358024691358,0.009768015141205021,0.27738788121954217,0.1965898990232188,0.2369888901213805,0.01626146994109664,3,,,,,posterior_mean,,,,,-5.621093552565597,-7.850441071266614,-6.7357673119161054,0.44868035906550896,task_potential,multi,,,,,,,,,0.08926065901846232,0.07839248153691163,0.08382657027768697,0.002187338552605365,0.0,0.0,0.0,0.0,0.6181069055203864,0.469581983072466,0.5438444442964262,0.02989225097258023,1.6282850841767598,1.2322186195269444,1.430251851851852,0.07971267022399056,0.003046936718105555,0.0024296064917709876,0.0027382716049382714,0.00012424440123860863,"42,43,44",training_seed
shared_bdqn,0.0,0.0,0.0,0.0,0.13077185347899958,0.10301086257038315,0.11689135802469136,0.005587200409270431,0.3973888599002383,0.20927780676642826,0.3033333333333333,0.03785938897200183,0.5264158848200218,0.2446952262910894,0.3855555555555556,0.05669933698743589,0.32269706522398184,0.2852860438388683,0.30399155453142507,0.0075293736697725445,2.6644103053897306,1.688923027943602,2.1766666666666663,0.19632739096836302,0.22004624298800812,0.062474919777578006,0.14126058138279307,0.03171293720849664,3.328280958426073,2.096163486018371,2.712222222222222,0.2479770001282227,1.0,150.0,150.0,150.0,0.0,71.26894661479481,38.03920153335335,54.65407407407408,6.687846479621035,32.58603842638883,9.528802288451887,21.05742035742036,4.640518762842201,memory_union,0.3383833333333333,0.19495,0.26666666666666666,0.02886751345948128,0.9861026080691364,0.8783418363753082,0.9322222222222223,0.021688023662159037,False,0.15485160152642116,0.05051876884394918,0.10268518518518517,0.020998113769884284,0.7815143027267062,0.49642643801403435,0.6389703703703703,0.05737702373967815,0.866694894066503,0.7764853528470773,0.8215901234567902,0.01815564823605904,0.2955678652966591,0.18865991308511235,0.24211388919088575,0.02151638449495057,3,,,,,posterior_mean,,,,,-5.968641609548762,-9.242286070326768,-7.605463839937765,0.6588564410857455,task_potential,multi,,,,,,,,,0.10197644444064201,0.08433163652381874,0.09315404048223037,0.003551208900968098,0.0,0.0,0.0,0.0,0.6562046602208947,0.430817561794698,0.5435111110077964,0.045361597239681625,1.72987909152944,1.128846834396486,1.429362962962963,0.12096425823170792,0.0027175713870051734,0.0017713175018837153,0.0022444444444444443,0.00019044385381011022,"42,43,44",training_seed
shared_bdqn,0.0,0.0,0.0,0.0,0.13236441861033563,0.09657385299460264,0.11446913580246913,0.007203239376955288,0.34086576276289166,0.20802312612599722,0.27444444444444444,0.0267360209233688,0.4054343825272869,0.27678783969493537,0.34111111111111114,0.025891511550513426,0.3142252447535278,0.24187261394863563,0.2780489293510817,0.01456175140777903,2.305898840415425,1.7674344929179084,2.0366666666666666,0.10837178804672579,0.16509788739671666,0.10455714220170122,0.13482751479920893,0.012184481362520115,2.8004452960642423,2.2528880372690914,2.526666666666667,0.11020183503211028,0.7,150.0,150.0,150.0,0.0,63.568129448571945,32.03872131149972,47.80342538003583,6.345635234253391,31.248832332883126,19.66277751315866,25.455804923020892,2.331819150248785,memory_union,0.30252114051351836,0.17747885948648162,0.24,0.025166114784235815,0.9810182616251862,0.861203960597036,0.9211111111111111,0.024113927126900792,False,0.16241414799949444,0.050363629778283306,0.10638888888888888,0.0225513816608831,0.6890561500024028,0.5663808870346343,0.6277185185185186,0.02468972673623612,0.8372996444025989,0.8086114667085122,0.8229555555555556,0.005773806802547321,0.2608960568832162,0.21489283335604903,0.23789444511963262,0.009258647508831222,3,,,,,posterior_sample_shared,,,,,-7.176069999588368,-7.734796847245461,-7.455433423416914,0.11244983589296771,task_potential,multi,,,,,,,,,0.09199801990919983,0.08585871105281058,0.0889283654810052,0.0012356024706743842,0.0,0.0,0.0,0.0,0.5819271168749339,0.5105006598458549,0.5462138883603944,0.014375348893678835,1.5318056446425037,1.3413350960982373,1.4365703703703705,0.03833426300536641,0.002641141991662658,0.0018378703540163537,0.0022395061728395058,0.00016166712627032953,"42,43,44",training_seed
shared_bdqn,0.0,0.0,0.0,0.0,0.14749365968123695,0.11090140204715813,0.12919753086419755,0.0073645885877149245,0.3248740821131503,0.14623702899796082,0.23555555555555555,0.03595264374969653,0.3994326018715129,0.1650118425729315,0.2822222222222222,0.047179719434582545,0.2979327655139028,0.2709672380695548,0.2844500017917288,0.0054271047625498205,2.3489069928641118,1.8266485626914437,2.0877777777777777,0.10511017147806459,0.1699332821423691,0.05707053923948794,0.11350191069092852,0.022714850684333474,2.8550792739503517,2.3493651704940928,2.602222222222222,0.10178044635026533,1.0,150.0,150.0,150.0,0.0,73.02339611321106,32.546877300678545,52.785136706944805,8.146338263632792,23.673330997854993,16.140737320522252,19.907034159188623,1.5160161470964895,memory_union,0.2787677158606202,0.15012117302826866,0.21444444444444444,0.02589151155051344,0.9767200042633012,0.8855022179589208,0.931111111111111,0.01835856849095365,False,0.13977670085408697,0.06503811396072781,0.10240740740740739,0.015041950939484015,0.6754177056383999,0.5498069857196248,0.6126123456790123,0.025280519274299623,0.8451957957032857,0.8089523524448624,0.8270740740740741,0.007294385912715418,0.25578163843143686,0.20867762195611622,0.23222963019377654,0.009480194024612688,3,,,,,posterior_sample_shared,,,,,-7.205110475202313,-9.114931925509005,-8.16002120035566,0.38437227345062397,task_potential,multi,,,,,,,,,0.11478318200842853,0.08695634352584468,0.1008697627671366,0.005600452947460851,0.0,0.0,0.0,0.0,0.5845676673310009,0.4775989979978727,0.5310833326644367,0.021528604473973128,1.538847118164703,1.253597326279741,1.396222222222222,0.057409613338740666,0.002371306527817086,0.0012830144598372346,0.0018271604938271604,0.00021903057811007497,"42,43,44",training_seed
shared_ddqn,0.0,0.0,0.0,0.0,0.1725828532438525,0.015530727003061101,0.0940567901234568,0.03160844318914385,0.39391375722624417,0.21941957610708923,0.3066666666666667,0.035118845842842465,0.4805969719749138,0.24384747246953067,0.3622222222222222,0.04764840364975904,0.46589216628230656,0.10591684125007436,0.2859045037661905,0.07244893707029362,2.851794643982451,1.477094244906437,2.164444444444444,0.2766733600261292,0.17950399869519712,0.10521719989612831,0.14236059929566272,0.014951023687152435,3.623852117422491,1.760592327021953,2.692222222222222,0.37500123456586903,0.7,150.0,150.0,150.0,0.0,69.80280633722947,27.845813560167706,48.824309948698584,8.444299700519563,45.17820310901557,10.61831962585249,27.89826136743403,6.955551254531596,memory_union,0.3540602886868643,0.18816193353535798,0.27111111111111114,0.033388842669592717,1.0529318865996768,0.8292903356225454,0.9411111111111111,0.04501028689006469,False,0.1598876632585756,0.025297521926609612,0.0925925925925926,0.02708772518996526,0.9784094880124226,0.35368433914807135,0.6660469135802469,0.12573270957460916,0.9170509239985567,0.7131219155076163,0.8150864197530865,0.04104292398831671,0.369403558449788,0.13513162828798775,0.2522675933688879,0.04714976595717706,3,,,,,deterministic,,,,,-4.878982971767499,-10.003450260614061,-7.44121661619078,1.0313546021388547,task_potential,multi,,,,,,,,,0.11523885601222232,0.038556299803719093,0.07689757790797071,0.015433195840969537,0.0,0.0,0.0,0.0,0.7396221318616513,0.3997223120655572,0.5696722219636042,0.06840852397982111,1.9523256780166371,1.0459261738352152,1.4991259259259262,0.18242272753863137,0.0029022600885395527,0.001907616454670324,0.0024049382716049383,0.00020018281539465962,"42,43,44",training_seed
shared_ddqn,0.0,0.0,0.0,0.0,0.14725967272746107,0.056068722334267324,0.1016641975308642,0.018353167472868307,0.41829249290075454,0.19281861821035662,0.3055555555555556,0.045379061903693646,0.564657794830983,0.19978664961346146,0.38222222222222224,0.0734342739638147,0.32532390665432914,0.2520736503610001,0.2886987785076646,0.01474240826951984,2.329696666666667,2.243636666666667,2.286666666666667,0.01732050807568866,0.1847431500583611,0.08265219576097274,0.13369767290966691,0.020546911438097698,2.8648718532127897,2.8395725912316547,2.852222222222222,0.00509175077217308,1.0,150.0,150.0,150.0,0.0,66.94817755175589,36.88835515115979,51.91826635145784,6.04986517131414,34.30261437444637,10.277629754184849,22.29012206431561,4.835288637387151,memory_union,0.36657455412219797,0.16898100143335756,0.2677777777777778,0.03976784481816286,0.9712455555555556,0.9043100000000001,0.9377777777777778,0.013471506281091259,False,0.1384047095254295,0.05585454973382974,0.09712962962962962,0.016614114679523614,0.6733749664323213,0.6029855273948393,0.6381802469135803,0.014166637779362156,0.8454178000403744,0.8072982493423414,0.8263580246913579,0.007671972875980784,0.2550156131919417,0.22861957235937044,0.2418175927756561,0.0053124894074687585,3,,,,,deterministic,,,,,-5.50705172056468,-9.793938367370878,-7.650495043967779,0.8627824167507451,task_potential,multi,,,,,,,,,0.10204272295570727,0.059983314807295775,0.08101301888150152,0.008464911904406824,0.0,0.0,0.0,0.0,0.5615905722145719,0.5362983157736249,0.5489444439940984,0.00509034083125512,1.4775748481718955,1.410128855531808,1.4438518518518517,0.013574237278590353,0.0031749822096282746,0.0014274869261741941,0.0023012345679012344,0.000351702372406396,"42,43,44",training_seed
baseline_frontier,nan,nan,0.0,nan,,,,,3.6986666666666665,3.568,3.6333333333333333,0.5763872155263529,4.623632988180609,4.449700345152725,4.536666666666667,0.7672389168672009,,,,,3.719992778324407,3.5933405550089264,3.6566666666666667,0.5586789974772832,nan,nan,0.9936189608021878,nan,4.650898725659488,4.482434607673845,4.566666666666666,0.7431165603202651,0.7,121.95867155836514,115.22132844163487,118.59,29.719273768605674,25.294765197492204,21.531901469174464,23.413333333333334,16.59846847017988,21.477823337288324,17.72217666271168,19.6,16.56663313209215,,1.0,1.0,1.0,0.0,1.0,1.0,1.0,0.0,True,,,,,,,,,,,,,,,,,1,nan,nan,2.85560896084549,nan,deterministic,nan,nan,0.9915675857998145,nan,13.435879801729195,12.043809090451942,12.739844446090569,6.140600212414937,task_potential,single,0.865047956772128,0.8331853812262623,0.8491166689991951,0.14054985611004814,nan,nan,0.26250105405177504,nan,,,,,nan,nan,0.0,nan,,,,,,,,,nan,nan,0.09216628720802766,nan,999,evaluation_episode
baseline_frontier,nan,nan,0.0,nan,,,,,3.9208796876887284,3.845786978977938,3.8833333333333333,0.33124344857252985,4.916339891992446,4.83032677467422,4.873333333333333,0.37941475400352526,,,,,3.940914211097135,3.8724191222361983,3.9066666666666667,0.30214051182999097,nan,nan,0.9940273037542662,nan,4.938716302282506,4.861283697717495,4.9,0.3415650255319866,1.0,110.35028302273344,104.01638364393324,107.18333333333334,27.939632344674038,23.848710115350567,20.224623217982764,22.036666666666665,15.986306292852294,19.865770403505127,16.24756292982821,18.05666666666667,15.960371410326124,,1.0,1.0,1.0,0.0,1.0,1.0,1.0,0.0,True,,,,,,,,,,,,,,,,,1,nan,nan,3.0240398071839527,nan,deterministic,nan,nan,0.9906701912610791,nan,15.980086047734526,15.027025624023269,15.503555835878897,4.204070233555843,task_potential,single,0.8299664199342933,0.795666916371325,0.8128166681528092,0.15129945422904686,nan,nan,0.20864562276473334,nan,,,,,nan,nan,0.0,nan,,,,,,,,,nan,nan,0.10894106670813249,nan,999,evaluation_episode
baseline_oracle,nan,nan,0.0,nan,,,,,4.0,4.0,4.0,0.0,5.0,5.0,5.0,0.0,,,,,4.0,4.0,4.0,0.0,nan,nan,1.0,nan,5.0,5.0,5.0,0.0,0.7,53.53674408013373,50.96325591986627,52.25,11.351982205764772,16.023973064548503,14.462693602118165,15.243333333333334,6.887001443944156,9.612682606803919,8.173984059862747,8.893333333333333,6.346281500917596,,1.0,1.0,1.0,0.0,1.0,1.0,1.0,0.0,True,,,,,,,,,,,,,,,,,1,nan,nan,2.7298883572567783,nan,deterministic,nan,nan,0.9809888357256779,nan,20.62055372921275,20.431718772457792,20.526136250835272,0.8329749100869743,task_potential,single,0.36960536747667466,0.3485779648076169,0.35909166614214577,0.0927545362819102,nan,nan,0.29779904306220095,nan,,,,,nan,nan,0.0,nan,,,,,,,,,nan,nan,0.22966507177033493,nan,999,evaluation_episode
baseline_oracle,nan,nan,0.0,nan,,,,,4.0,4.0,4.0,0.0,5.0,5.0,5.0,0.0,,,,,4.0,4.0,4.0,0.0,nan,nan,1.0,nan,5.0,5.0,5.0,0.0,1.0,53.4111277554994,50.84220557783393,52.126666666666665,11.331841078228296,15.969614480746472,14.417052185920195,15.193333333333333,6.848548913618287,9.050324551820236,7.629675448179765,8.34,6.266663120566372,,1.0,1.0,1.0,0.0,1.0,1.0,1.0,0.0,True,,,,,,,,,,,,,,,,,1,nan,nan,2.7363473589973144,nan,deterministic,nan,nan,0.9809438547128789,nan,20.59952606643728,20.41042643525135,20.504976250844315,0.8341424225228694,task_potential,single,0.36960536747667466,0.3485779648076169,0.35909166614214577,0.0927545362819102,nan,nan,0.2961376135055634,nan,,,,,nan,nan,0.0,nan,,,,,,,,,nan,nan,0.23020846655582555,nan,999,evaluation_episode
baseline_random,nan,nan,0.0,nan,,,,,0.08691906859794005,0.03308093140205995,0.06,0.23748684174075835,0.1182040709452448,0.0417959290547552,0.08,0.3370459909270544,,,,,1.1766110201174564,0.9767223132158769,1.0766666666666667,0.8817344019349339,nan,nan,0.05572755417956656,nan,1.513906283806285,1.246093716193715,1.38,1.1813551540497886,0.7,150.0,150.0,150.0,0.0,90.03429496006649,52.854593928822396,71.44444444444444,36.32602712812922,53.337527790600376,41.608418155345575,47.472972972972975,44.48105872003414,,0.08691906859794005,0.03308093140205995,0.06,0.23748684174075835,0.7897190716622557,0.6902809283377442,0.74,0.43863424398922624,True,,,,,,,,,,,,,,,,,1,nan,nan,0.7399555555555556,nan,deterministic,nan,nan,0.9948222222222223,nan,-2.845976167872395,-3.2795832757759933,-3.062779721824194,1.9126958690585942,task_potential,single,0.2893251489584043,0.2706415175910399,0.2799833332747221,0.08241586423282624,nan,nan,0.7194222222222222,nan,,,,,nan,nan,0.0,nan,,,,,,,,,nan,nan,0.009533333333333333,nan,999,evaluation_episode
baseline_random,nan,nan,0.0,nan,,,,,0.08691906859794005,0.03308093140205995,0.06,0.23748684174075835,0.1182040709452448,0.0417959290547552,0.08,0.3370459909270544,,,,,1.2274537751366594,1.025879558196674,1.1266666666666667,0.8891694001832396,nan,nan,0.05325443786982249,nan,1.5673973069251823,1.2992693597414844,1.4333333333333333,1.182746333280678,1.0,150.0,150.0,150.0,0.0,90.03429496006649,52.854593928822396,71.44444444444444,36.32602712812922,51.39189261367496,40.06424773720223,45.728070175438596,43.5378006938595,,0.08691906859794005,0.03308093140205995,0.06,0.23748684174075835,0.8084097560581062,0.7115902439418939,0.76,0.4270831300812525,True,,,,,,,,,,,,,,,,,1,nan,nan,0.7399555555555556,nan,deterministic,nan,nan,0.9948222222222223,nan,-2.9052264007013964,-3.3423108207247685,-3.1237686107130824,1.9280347332185397,task_potential,single,0.2893251489584043,0.2706415175910399,0.2799833332747221,0.08241586423282624,nan,nan,0.7194222222222222,nan,,,,,nan,nan,0.0,nan,,,,,,,,,nan,nan,0.009577777777777777,nan,999,evaluation_episode
bdqn,0.0,0.0,0.0,0.0,,,,,0.28572941071798325,0.15427058928201676,0.22,0.026457513110645904,0.38131946986958476,0.17423608568597082,0.2777777777777778,0.04167777629669122,,,,,1.530990808825951,0.7890091911740489,1.16,0.1493318452306808,0.28775375116940355,0.09693779229327713,0.19234577173134035,0.03840378057964495,1.913439208359216,0.9932274583074503,1.4533333333333331,0.1852025917745213,0.7,150.0,150.0,150.0,0.0,92.52168640411415,28.450931028204785,60.48630871615946,12.894934184335554,65.13889583145598,18.969786719033074,42.054341275244525,9.292033781420834,,0.2561540795178264,0.15495703159328475,0.20555555555555557,0.020367003088692624,0.9103318792729169,0.6252236762826386,0.7677777777777778,0.057381117038557125,False,,,,,,,,,,,,,,,,,3,1.0229031979275864,0.568978283553895,0.7959407407407407,0.09135731054108595,posterior_mean,0.9933333333333333,0.9933333333333333,0.9933333333333333,0.0,-1.0465578648039113,-4.0435470380869605,-2.545052451445436,0.6031765649384252,task_potential,single,0.3860886985893636,0.21586685625606877,0.3009777774227162,0.034258991340837264,0.8426226372782171,0.727777362721783,0.7852,0.023113856674522572,,,,,0.0,0.0,0.0,0.0,,,,,,,,,0.006562867564681381,0.0029186139168001007,0.004740740740740741,0.0007334455581917963,"42,43,44",training_seed
bdqn,0.0,0.0,0.0,0.0,,,,,0.33565243114425614,-0.008985764477589475,0.16333333333333333,0.06936217348894938,0.37381631986094466,0.012850346805722002,0.19333333333333333,0.0726483157256779,,,,,1.5497380492204536,1.165817506335102,1.3577777777777778,0.07726817178094987,0.2395036739862748,-0.0007384709353575186,0.11938260152545865,0.048351336407575246,1.9098021789714879,1.4746422654729563,1.692222222222222,0.0875806506619491,1.0,150.0,150.0,150.0,0.0,75.64383853705739,38.20492689504138,56.92438271604939,7.534986886364591,51.227687134713,27.658761607992936,39.44322437135297,4.743501800149455,,0.3130539336883839,-0.006387267021717213,0.15333333333333335,0.06429100507328636,0.8830493919713517,0.7636172746953148,0.8233333333333333,0.024037008503093246,False,,,,,,,,,,,,,,,,,3,1.0626011120091237,0.641043332435321,0.8518222222222223,0.08484307373318006,posterior_mean,0.9933726148148148,0.9933088666666665,0.9933407407407406,1.2830005982011636e-05,-2.1960871864340588,-3.982446791703083,-3.089266989068571,0.35952423854457743,task_potential,single,0.4009754169202494,0.24289124961859843,0.3219333332694239,0.031816152642188955,0.831971685889151,0.7039097955923304,0.7679407407407407,0.02577384388884561,,,,,0.0,0.0,0.0,0.0,,,,,,,,,0.006585473166185663,0.00025897127825878167,0.0034222222222222223,0.0012732770978468257,"42,43,44",training_seed
bdqn,0.0,0.0,0.0,0.0,,,,,0.20005333759663463,0.10883555129225424,0.15444444444444444,0.01835856849095368,0.2476940432309357,0.14786151232461991,0.1977777777777778,0.020092379244472363,,,,,1.1783972722413874,0.8838249499808343,1.0311111111111109,0.05928587365312928,0.19052670490315457,0.10921403175726926,0.14987036833021192,0.016365057075054014,1.4908967548738885,1.1157699117927784,1.3033333333333335,0.07549834435270744,0.7,150.0,150.0,150.0,0.0,69.6730691414694,45.01441084201578,57.34373999174259,4.962822335711556,53.222160447976464,26.4444518876722,39.83330616782433,5.389304175774929,,0.18225486030738122,0.11330069524817435,0.14777777777777779,0.01387777332977422,0.787654655693995,0.5723453443060051,0.68,0.04333333333333334,False,,,,,,,,,,,,,,,,,3,0.7826371419459219,0.6496739691651892,0.7161555555555555,0.02676028012918759,posterior_sample,0.9939379601247768,0.9932027806159639,0.9935703703703703,0.0001479628470773193,-1.9298722670286836,-3.3538243973326023,-2.641848332180643,0.28658580493055136,task_potential,single,0.2959889289294182,0.24612773776340824,0.2710583333464132,0.010035105324823813,0.8057096125169798,0.7876533504459831,0.7966814814814814,0.0036340185105443903,,,,,0.0,0.0,0.0,0.0,,,,,,,,,0.004474140241683698,0.002192526424982969,0.0033333333333333335,0.00045919951821715146,"42,43,44",training_seed
bdqn,0.0,0.0,0.0,0.0,,,,,0.14654549363839797,0.017898950806046476,0.08222222222222222,0.025891511550513426,0.17167187268486106,0.032772571759583355,0.10222222222222221,0.027954990278686937,,,,,1.1990170486191256,0.9187607291586524,1.058888888888889,0.05640462287332022,0.1286287614690549,0.025195326089972422,0.07691204377951366,0.02081710031117396,1.4406997632195135,1.1948557923360423,1.317777777777778,0.0494787646182496,1.0,150.0,150.0,150.0,0.0,100.59864474654086,34.25541508251896,67.42702991452991,13.352294273332168,48.9470855012897,36.785695428341036,42.86639046481537,2.4476116078330064,,0.13971605863801848,0.020283941361981535,0.08,0.024037008503093264,0.7651291032804802,0.6059820078306309,0.6855555555555556,0.0320300784564435,False,,,,,,,,,,,,,,,,,3,0.752585703335891,0.6898142966641091,0.7212000000000001,0.012633426169892438,posterior_sample,0.9946774875016661,0.9932336236094451,0.9939555555555556,0.0002905932629027178,-2.6535564476952853,-3.1435506819695442,-2.8985535648324148,0.09861665224016075,task_potential,single,0.28471963790127547,0.26118036337211165,0.27295000063669356,0.004737534215410617,0.807378967604452,0.7830951064696221,0.7952370370370371,0.004887390342722812,,,,,0.0,0.0,0.0,0.0,,,,,,,,,0.0030339508243469393,0.000891975101578986,0.001962962962962963,0.0004310958378355988,"42,43,44",training_seed
ddqn,0.0,0.0,0.0,0.0,,,,,0.2059357830550715,-0.02593578305507145,0.09000000000000001,0.04666666666666667,0.2663152930886172,-0.0374264041997283,0.11444444444444445,0.061131309793239635,,,,,2.2012735144622373,1.1342820410933188,1.667777777777778,0.21474360250031863,0.11184357953398114,-0.005731030233331262,0.05305627465032494,0.023663164977581808,2.725949045354756,1.4296065102008,2.077777777777778,0.2609029903438641,0.7,150.0,150.0,150.0,0.0,85.97305550162645,21.056356263079444,53.51470588235295,13.065189558544187,40.75931510854869,31.27716126426709,36.01823818640789,1.9083862681245973,,0.18909724764736255,-0.017986136536251446,0.08555555555555555,0.04167777629669123,1.0521309625323154,0.6300912596899066,0.841111111111111,0.08494006601607286,False,,,,,,,,,,,,,,,,,3,1.5123705099459708,0.8503850456095849,1.1813777777777779,0.13323175204539803,deterministic,0.9947867481481482,0.9924280666666666,0.9936074074074074,0.0004747102213337255,-3.475301689473012,-5.520679972856479,-4.497990831164746,0.411654555835252,task_potential,single,0.5696389383573491,0.3213943954558015,0.4455166669065753,0.04996190576425662,0.7545086213950465,0.5772247119382867,0.6658666666666666,0.03568030891744693,,,,,0.0,0.0,0.0,0.0,,,,,,,,,0.0046128047329045685,-0.0004794713995712346,0.0020666666666666667,0.001024875782897796,"42,43,44",training_seed
ddqn,0.0,0.0,0.0,0.0,,,,,0.0813843339752322,-0.0036065561974544247,0.03888888888888889,0.017105338131489616,0.07912961996674611,0.01642593558880944,0.04777777777777778,0.012619796324000607,,,,,2.054923214913774,1.8228545628640036,1.9388888888888889,0.04670633234885261,0.04314083243379809,-0.0027602354851962926,0.0201902984743009,0.00923808758509971,2.5272662552854275,2.3282893002701277,2.4277777777777776,0.04004626953542248,1.0,150.0,150.0,150.0,0.0,43.96593147166225,28.722957417226635,36.34444444444444,3.0678137951123228,41.01297897147614,24.154834178419883,32.58390657494801,3.392884418188026,,0.07461555963836979,-0.001282226305036438,0.036666666666666674,0.015275252316519466,0.9619514912822839,0.9202707309399384,0.9411111111111111,0.008388704928078583,False,,,,,,,,,,,,,,,,,3,1.3148173420490183,1.206278954247278,1.2605481481481482,0.021844527334909193,deterministic,0.9934118962962963,0.9932843999999998,0.9933481481481481,2.5660011964023273e-05,-4.497881040095963,-6.067019973995696,-5.282450507045829,0.3158062232917499,task_potential,single,0.49555650262925827,0.45485460820568463,0.47520555541747145,0.00819169754891167,0.6954872231040062,0.5687794435626604,0.6321333333333333,0.02550131441783028,,,,,0.0,0.0,0.0,0.0,,,,,,,,,0.0016611054347387918,0.00019074641711306012,0.000925925925925926,0.00029592569415463974,"42,43,44",training_seed
