boundary_hit_ratio_difference,collision_agent_ratio_difference,comparison,completed_mean_difference,completed_value_mean_difference,coverage_overlap_ratio_mean_difference,detected_mean_difference,detected_to_completed_ratio_difference,detected_value_mean_difference,detection_probability,episode_length_mean_difference,first_completion_step_mean_difference,first_detection_step_mean_difference,had_completion_mean_difference,had_detection_mean_difference,knowledge_overlap_ratio_mean_difference,left_algo,left_policy_mode,local_new_observed_cells_per_decision_difference,local_sensor_revisit_ratio_difference,mean_local_coverage_ratio_mean_difference,new_observed_cells_per_step_difference,revisit_ratio_difference,reward_mean_difference,right_algo,right_policy_mode,scope,sensor_coverage_ratio_mean_difference,sensor_revisit_ratio_difference,simultaneous_sensor_overlap_ratio_mean_difference,stay_ratio_difference,team_coverage_ratio_mean_difference,team_new_observed_cells_per_env_step_difference,tracking_progress_ratio_difference,training_seed
0.0,,bdqn_mean_minus_ddqn,0.043999999999999984,0.05299999999999999,,-0.1379999999999999,0.050026345061764524,-0.16500000000000004,1.0,0.0,-10.524175983737479,10.303975132774582,0.044999999999999984,-0.038999999999999924,,bdqn,posterior_mean,,,,-0.07797333333333334,0.006513333333333371,0.9924379174992208,ddqn,deterministic,single,-0.02924000046215952,0.014579999999999926,,0.0,,,0.0006466666666666669,43
0.0,,bdqn_mean_minus_ddqn,-0.006999999999999992,-0.011999999999999997,,-0.31699999999999995,0.01870402102007114,-0.393,1.0,0.0,-7.480363010483494,33.65306730196545,-0.006000000000000005,-0.15200000000000002,,bdqn,posterior_mean,,,,-0.14794666666666667,0.0007200000000000539,1.5207000827530974,ddqn,deterministic,single,-0.05548000003211204,0.05075333333333332,,0.0,,,-0.0005666666666666667,44
0.0,,bdqn_mean_minus_ddqn,0.018000000000000002,0.03900000000000001,,0.15600000000000003,0.00290075399638047,0.2280000000000001,1.0,0.0,-12.871594159265392,5.0245473022912055,0.018000000000000002,0.08699999999999997,,bdqn,posterior_mean,,,,0.09126666666666661,-0.0006866666666667243,-0.1740794985574592,ddqn,deterministic,single,0.03422499964386225,-0.0394066666666667,,0.0,,,0.0004066666666666665,45
0.0,,bdqn_mean_minus_ddqn,0.017,0.025999999999999995,,0.29600000000000004,0.0015411467617349947,0.3640000000000001,1.0,0.0,-11.566666666666666,11.02134646526321,0.017,0.1529999999999999,,bdqn,posterior_mean,,,,0.14973999999999998,-0.00046000000000001595,-0.4148206657848754,ddqn,deterministic,single,0.05615249971672895,-0.048793333333333244,,0.0,,,0.00036666666666666683,46
0.0,,bdqn_sample_minus_ddqn,-0.013000000000000012,-0.019000000000000003,,-0.267,0.008769021649040212,-0.32899999999999996,1.0,0.0,-12.17513923450646,2.8037721615886895,-0.010000000000000009,-0.1509999999999999,,bdqn,posterior_sample,,,,-0.1410933333333333,0.0022533333333333294,0.7366981250644105,ddqn,deterministic,single,-0.05291000009700658,0.03155333333333332,,0.0,,,-0.00041333333333333326,43
0.0,,bdqn_sample_minus_ddqn,-0.017999999999999988,-0.012999999999999998,,-0.31699999999999995,0.0060457931719698765,-0.41200000000000014,1.0,0.0,-0.09054969879517927,14.093435379222914,-0.019000000000000003,-0.15300000000000002,,bdqn,posterior_sample,,,,-0.2060333333333333,0.0008200000000000429,1.2173647088375992,ddqn,deterministic,single,-0.07726250007189814,0.06506666666666672,,0.0,,,-0.0006866666666666668,44
0.0,,bdqn_sample_minus_ddqn,-0.038,-0.03699999999999999,,0.14600000000000002,-0.057592128806589704,0.19600000000000006,1.0,0.0,-6.577563865235099,17.11753712622918,-0.036,0.07599999999999996,,bdqn,posterior_sample,,,,0.05908666666666662,-0.00015333333333333865,-0.1956929980547355,ddqn,deterministic,single,0.022157499732449654,-0.025966666666666693,,0.0,,,-0.0006933333333333333,45
0.0,,bdqn_sample_minus_ddqn,-0.011000000000000003,-0.003999999999999997,,0.007000000000000006,-0.01422074310059291,0.038000000000000034,1.0,0.0,-8.166666666666664,3.856554739924622,-0.010000000000000002,0.020000000000000018,,bdqn,posterior_sample,,,,0.007926666666666637,0.000160000000000049,0.009537209043431805,ddqn,deterministic,single,0.002972499905154108,-0.015713333333333246,,0.0,,,-0.00021333333333333328,46
0.0,0.06621555555555556,qmix_minus_shared_ddqn,0.19699999999999998,0.24900000000000003,0.21334819004574507,1.384,-0.001793484848283039,1.7449999999999999,1.0,0.0,13.553121470576777,-21.609501903553298,0.155,0.281,-0.23224999999999998,qmix_ddqn,deterministic,0.46882444444444443,-0.13787777777777777,0.1758091669715941,,,-3.4524011667483583,shared_ddqn,deterministic,multi,,,0.033184520264469296,0.0,0.32839250025898226,0.8757133333333332,0.0016177777777777779,43
0.0,0.04578888888888889,qmix_minus_shared_ddqn,0.04300000000000004,0.04300000000000004,0.13243711294591262,0.681,-0.033055926967587274,0.8610000000000002,1.0,0.0,5.855818022747158,-4.279177266823389,0.028999999999999998,0.1489999999999999,-0.11158333333333334,qmix_ddqn,deterministic,0.25198444444444446,-0.08063555555555557,0.09449416795372964,,,-1.8419797091682044,shared_ddqn,deterministic,multi,,,0.028288831942507364,0.0,0.16949500044435267,0.45198666666666665,0.00029777777777777767,44
0.0,-0.002093333333333322,qmix_minus_shared_ddqn,0.09500000000000003,0.10699999999999998,0.026740970765726013,0.28900000000000015,0.02290146930306669,0.3660000000000001,1.0,0.0,4.035673826092982,2.8927128738509325,0.07500000000000001,0.04600000000000004,-0.0355,qmix_ddqn,deterministic,0.07604888888888894,-0.01720222222222223,0.02851833321899172,,,0.3417734188050652,shared_ddqn,deterministic,multi,,,-0.0033554573773402346,0.0,0.04749750092625615,0.12666,0.00066,45
0.0,0.06051111111111111,qmix_minus_shared_ddqn,0.06,0.09600000000000003,0.15261853853119725,0.9019999999999999,-0.04245205985240447,1.141,1.0,0.0,5.9884845554010795,-20.175617739107096,0.05099999999999996,0.16999999999999993,-0.14200000000000002,qmix_ddqn,deterministic,0.3207466666666666,-0.10174222222222229,0.12028000029549002,,,-3.1441397913386977,shared_ddqn,deterministic,multi,,,0.025480594467758744,0.0,0.22292749964818354,0.5944733333333334,0.0005355555555555556,46
0.0,-0.05295999999999999,bayes_qmix_shared_mean_minus_qmix,-0.123,-0.15100000000000002,-0.0651043999707211,-0.5099999999999998,-0.024233486244136043,-0.649,1.0,0.0,-5.6799633662358815,-5.78938922547896,-0.1,-0.05499999999999994,0.041916666666666685,bayes_qmix_shared,posterior_mean,-0.18946666666666667,0.06154000000000004,-0.07104999977350235,,,0.2616308346881073,qmix_ddqn,deterministic,multi,,,-0.014789466619751598,0.0,-0.12445250010490427,-0.33187333333333324,-8.000000000000021e-05,43
0.0,-0.06998666666666667,bayes_qmix_shared_mean_minus_qmix,0.03999999999999998,0.056999999999999995,0.0038350301632008588,-0.0030000000000001137,0.019118974536065786,-0.001000000000000334,1.0,0.0,9.89487642169729,1.0337003457135552,0.033999999999999975,0.007000000000000006,-0.00399999999999999,bayes_qmix_shared,posterior_mean,-0.006700000000000039,0.02162888888888892,-0.002512501183897259,,,0.9194762509579597,qmix_ddqn,deterministic,multi,,,-0.027428806575970494,0.0,-0.005902499914169357,-0.015739999999999865,0.00044888888888888886,44
0.0,-0.0381688888888889,bayes_qmix_shared_mean_minus_qmix,-0.066,-0.08099999999999996,-0.06960662896734762,-0.661,0.019483678370918495,-0.8460000000000001,1.0,0.0,-0.6956159110350697,-4.812416334272658,-0.05399999999999999,-0.09199999999999997,0.08416666666666667,bayes_qmix_shared,posterior_mean,-0.21266444444444443,0.07661111111111119,-0.07974916686117647,,,0.9251769984620797,qmix_ddqn,deterministic,multi,,,-0.0029120667303176306,0.0,-0.14468000070750708,-0.38581333333333334,7.999999999999978e-05,45
0.0,-0.0788911111111111,bayes_qmix_shared_mean_minus_qmix,-0.0050000000000000044,-0.014000000000000012,-0.07136448032901838,-0.3709999999999998,0.022735469797903085,-0.4710000000000001,1.0,0.0,-14.805130784708247,-5.927003064761173,-0.003999999999999948,-0.04799999999999993,0.028499999999999998,bayes_qmix_shared,posterior_mean,-0.15541111111111106,0.06391555555555561,-0.0582791671901941,,,0.9014037074992194,qmix_ddqn,deterministic,multi,,,-0.030972210738602617,0.0,-0.10064249913394446,-0.26838000000000006,0.00018000000000000004,46
0.0,-0.02348222222222221,bayes_qmix_shared_sample_minus_qmix,-0.133,-0.17000000000000004,-0.05890584626990297,-0.5089999999999999,-0.029172299765975962,-0.6520000000000001,1.0,0.0,-0.44680507666348745,-4.881862343758531,-0.10200000000000001,-0.05499999999999994,0.037500000000000006,bayes_qmix_shared,posterior_sample_shared,-0.18995555555555554,0.060966666666666725,-0.0712333330065012,,,0.0013735028469543664,qmix_ddqn,deterministic,multi,,,0.007052410136227247,0.0,-0.1295750007480383,-0.34553333333333325,-0.0002311111111111112,43
0.0,-0.060117777777777784,bayes_qmix_shared_sample_minus_qmix,0.02799999999999997,0.043999999999999984,-0.007668815847506061,-0.05600000000000005,0.017202268431001894,-0.05900000000000016,1.0,0.0,1.8191002779064362,-0.8932147568617381,0.018000000000000016,-0.0129999999999999,0.0005000000000000004,bayes_qmix_shared,posterior_sample_shared,-0.02422666666666662,0.02306000000000008,-0.009085000600665805,,,0.7482906675834844,qmix_ddqn,deterministic,multi,,,-0.023235197496699264,0.0,-0.01571250016242265,-0.04190000000000005,0.0003355555555555555,44
0.0,-0.009891111111111114,bayes_qmix_shared_sample_minus_qmix,-0.07,-0.08499999999999996,-0.07116394049233618,-0.7060000000000002,0.021609232999257322,-0.8809999999999998,1.0,0.0,-6.855530815625066,-8.089054454673114,-0.056999999999999995,-0.10199999999999998,0.08691666666666667,bayes_qmix_shared,posterior_sample_shared,-0.22261111111111115,0.07756000000000007,-0.08347916683554646,,,0.45189804112693643,qmix_ddqn,deterministic,multi,,,0.01307131803822345,0.0,-0.15627500100433822,-0.4167333333333334,7.111111111111077e-05,45
0.0,-0.0397,bayes_qmix_shared_sample_minus_qmix,-0.02400000000000002,-0.031000000000000028,-0.046397748463536725,-0.34399999999999986,0.01111433447098975,-0.44300000000000006,1.0,0.0,-9.900387055155363,-5.051070764130078,-0.021999999999999964,-0.03699999999999992,0.025583333333333333,bayes_qmix_shared,posterior_sample_shared,-0.12988444444444436,0.05423111111111112,-0.048706666514277436,,,0.5382892093305065,qmix_ddqn,deterministic,multi,,,-0.00032470632779105224,0.0,-0.09277500047534704,-0.24740000000000006,-2.0000000000000052e-05,46
0.0,-0.05105777777777778,bayes_qmix_independent_mean_minus_qmix,-0.11199999999999999,-0.134,-0.05554209136875754,-0.2999999999999998,-0.023042431506129224,-0.3969999999999998,0.5,0.0,-4.168540729635183,-16.455748393684992,-0.066,-0.029999999999999916,0.02591666666666667,bayes_qmix_independent,posterior_mean,-0.13209333333333328,0.059051111111111054,-0.04953499923646448,,,-0.9723661654725548,qmix_ddqn,deterministic,multi,,,-0.02353866122071409,0.0,-0.07960500146448612,-0.21228000000000002,-0.00035555555555555557,43
0.0,-0.049068888888888884,bayes_qmix_independent_mean_minus_qmix,-0.129,-0.16400000000000003,0.013009153803041906,-0.10299999999999976,-0.053716609805188636,-0.121,0.5,0.0,-3.2223627167630085,-1.8777571580063643,-0.08999999999999997,-0.02299999999999991,0.03949999999999999,bayes_qmix_independent,posterior_mean,-0.021733333333333382,0.03391999999999995,-0.008149999424815202,,,-0.09104537590589246,qmix_ddqn,deterministic,multi,,,-0.01291937016978785,0.0,-0.03007499861717222,-0.08020000000000005,-0.0007444444444444443,44
0.0,-0.01238888888888888,bayes_qmix_independent_mean_minus_qmix,0.10199999999999998,0.14100000000000001,0.06962269110155656,0.22999999999999998,0.02596049380548504,0.28600000000000003,0.5,0.0,-1.2785688011525593,-5.25472264826176,0.08100000000000002,0.018000000000000016,0.0020000000000000157,bayes_qmix_independent,posterior_mean,0.12452000000000008,-0.027491111111111133,0.046694999538362036,,,-0.4120510407412308,qmix_ddqn,deterministic,multi,,,0.0008399302778805129,0.0,0.06134499964118012,0.16358666666666655,0.000651111111111111,45
0.0,-0.017328888888888894,bayes_qmix_independent_mean_minus_qmix,0.04799999999999999,0.059,0.08722574082734291,-0.053999999999999826,0.027454969642971977,-0.0950000000000002,0.5,0.0,5.004558289632918,9.363423734732699,0.039000000000000035,0.0020000000000000018,0.03049999999999997,bayes_qmix_independent,posterior_mean,0.046746666666666714,0.01614888888888888,0.017530000485479813,,,1.1746741260566926,qmix_ddqn,deterministic,multi,,,0.02280936865744801,0.0,-0.011409999758005163,-0.030426666666666602,0.0006844444444444446,46
0.0,-0.04288495489208623,bayes_qmix_independent_mean_minus_qmix,-0.137,-0.17099999999999993,-0.03236663745581142,-0.3699999999999999,-0.03324329752052907,-0.48199999999999976,0.7,0.014000000000010004,-12.341883555041449,-10.266327356853672,-0.10699999999999998,-0.039999999999999925,0.033833333333333326,bayes_qmix_independent,posterior_mean,-0.1298376376461804,0.0549344367844703,-0.048664166137576126,,,-0.30485162352279005,qmix_ddqn,deterministic,multi,,,-0.015236470540884832,0.0,-0.09296999986469745,-0.2480685563541487,-0.0005425366812013568,43
0.0,0.0008355555555555616,bayes_qmix_independent_mean_minus_qmix,-0.05099999999999999,-0.040000000000000036,0.04576228113645597,0.08199999999999985,-0.03198593165113592,0.09100000000000019,0.7,0.0,-9.903606011118256,-4.039944194202372,-0.02899999999999997,0.0020000000000000018,0.006749999999999978,bayes_qmix_independent,posterior_mean,0.06408666666666663,8.444444444444255e-05,0.024032500617206104,,,-0.9285325008171057,qmix_ddqn,deterministic,multi,,,0.0031363414111556798,0.0,0.027760000243783,0.07402666666666669,-5.3333333333333184e-05,44
0.0,-0.03846444444444444,bayes_qmix_independent_mean_minus_qmix,-0.06,-0.061000000000000054,-0.05086870453356945,-0.2869999999999999,-0.004181308601167083,-0.33599999999999985,0.7,0.0,-7.157048365647093,-1.111661561886656,-0.04999999999999999,-0.029000000000000026,0.020083333333333328,bayes_qmix_independent,posterior_mean,-0.11669111111111108,0.050257777777777846,-0.04375916649401185,,,0.5866287102232999,qmix_ddqn,deterministic,multi,,,-0.011978056229367227,0.0,-0.07179999966919415,-0.19146666666666667,0.00019777777777777806,45
0.0,-0.01446666666666667,bayes_qmix_independent_mean_minus_qmix,-0.126,-0.14200000000000002,0.04585545369479033,0.17999999999999972,-0.07484375818315586,0.23100000000000032,0.7,0.0,-10.412521343198634,-6.715847165493468,-0.09899999999999998,0.008000000000000007,-0.0028333333333333127,bayes_qmix_independent,posterior_mean,0.09084666666666663,-0.025542222222222244,0.0340675003118813,,,-1.4242593744863212,qmix_ddqn,deterministic,multi,,,-0.0053380086746213085,0.0,0.05342250050604347,0.14246000000000003,-0.00038444444444444463,46
0.0,-0.038793333333333326,bayes_qmix_independent_mean_minus_qmix,-0.04199999999999998,-0.051000000000000045,0.038068190833138005,0.18400000000000016,-0.024971072289905555,0.20699999999999985,1.0,0.0,-4.843071044563914,-0.33588227075862775,-0.03300000000000003,-0.0040000000000000036,0.018833333333333355,bayes_qmix_independent,posterior_mean,0.09430666666666665,-0.022968888888888817,0.035364999942481545,,,-0.22853399915237205,qmix_ddqn,deterministic,multi,,,-0.014062159092423532,0.0,0.04817250011861318,0.12846000000000002,-0.0002888888888888889,43
0.0,-0.05248888888888889,bayes_qmix_independent_mean_minus_qmix,0.07399999999999995,0.11499999999999999,0.02655659178855707,0.31000000000000005,0.013533678158949125,0.4059999999999997,1.0,0.0,7.408606034337453,-6.814222039705415,0.07300000000000001,0.03200000000000003,-0.031166666666666662,bayes_qmix_independent,posterior_mean,0.10573333333333335,-0.021877777777777774,0.03964999941363931,,,-0.37519958327209046,qmix_ddqn,deterministic,multi,,,-0.01829001153062311,0.0,0.07336999966204161,0.19565333333333346,0.0006911111111111111,44
0.0,-0.014124444444444453,bayes_qmix_independent_mean_minus_qmix,0.030999999999999972,0.05500000000000005,-0.030972380465463967,-0.29000000000000004,0.03430080114878284,-0.355,1.0,0.0,-9.576322215903389,-9.659525467418051,0.023999999999999966,-0.04800000000000004,0.044250000000000005,bayes_qmix_independent,posterior_mean,-0.08252666666666675,0.03149333333333337,-0.03094750063866375,,,0.01813828899020642,qmix_ddqn,deterministic,multi,,,0.006238073782085685,0.0,-0.05196000012755386,-0.13856000000000002,0.000671111111111111,45
0.0,-0.02484666666666667,bayes_qmix_independent_sample_minus_qmix,-0.17099999999999999,-0.21300000000000002,-0.07639254923661642,-0.33399999999999985,-0.04974936137063321,-0.42799999999999994,0.5,0.0,-2.9007823078080364,-15.349595233763875,-0.125,-0.03599999999999992,0.020083333333333328,bayes_qmix_independent,posterior_sample_independent,-0.1501177777777778,0.061097777777777806,-0.05629416643083093,,,-1.3648897493987189,qmix_ddqn,deterministic,multi,,,-0.021573808561427738,0.0,-0.084422500744462,-0.2251266666666667,-0.0008022222222222224,43
0.0,-0.0403511111111111,bayes_qmix_independent_sample_minus_qmix,-0.126,-0.15000000000000002,-0.02390991929561953,-0.09600000000000009,-0.052728959796141645,-0.10599999999999987,0.5,0.0,-9.807184145334439,-3.071177963784706,-0.09399999999999997,-0.015999999999999903,0.009416666666666657,bayes_qmix_independent,posterior_sample_independent,-0.04457555555555559,0.03517999999999999,-0.016715833283960813,,,-0.30330987761020634,qmix_ddqn,deterministic,multi,,,-0.015160280692914072,0.0,-0.02743999953567977,-0.07317333333333331,-0.0008422222222222221,44
0.0,0.00038444444444445114,bayes_qmix_independent_sample_minus_qmix,0.03200000000000003,0.04800000000000004,0.0005168858119487529,0.009999999999999787,0.013846382946458374,0.0129999999999999,0.5,0.0,-9.979122961046166,-4.815920741324922,0.01200000000000001,-0.009000000000000008,-0.0009166666666666629,bayes_qmix_independent,posterior_sample_independent,0.01847333333333334,-0.0004755555555555624,0.00692750006914139,,,-0.5767006667606793,qmix_ddqn,deterministic,multi,,,0.003143987067527401,0.0,0.014522500127553961,0.038726666666666576,0.0002533333333333333,45
0.0,-0.014480000000000007,bayes_qmix_independent_sample_minus_qmix,-0.016000000000000014,-0.02999999999999997,-0.010831525431510503,-0.1379999999999999,0.0029698865094473503,-0.18199999999999994,0.5,0.0,-6.067472401979444,7.178402719734034,-0.01200000000000001,-0.018000000000000016,0.022583333333333316,bayes_qmix_independent,posterior_sample_independent,-0.028833333333333377,0.024335555555555555,-0.010812499456107627,,,0.5840274598448847,qmix_ddqn,deterministic,multi,,,-0.004164500972968249,0.0,-0.01819249950349333,-0.048513333333333186,-5.9999999999999724e-05,46
0.0,-0.03294051044764178,bayes_qmix_independent_sample_minus_qmix,-0.15500000000000003,-0.19499999999999995,-0.049838412733435034,-0.2769999999999999,-0.050023253379689936,-0.3639999999999999,0.7,0.014000000000010004,-7.824463937621829,-8.526402950050286,-0.10999999999999999,-0.008000000000000007,-0.003250000000000003,bayes_qmix_independent,posterior_sample_independent,-0.12018874875729146,0.04879443678447026,-0.045045832931995405,,,-0.6183009579184793,qmix_ddqn,deterministic,multi,,,-0.014983301075735832,0.0,-0.07673249997198583,-0.2047685563541486,-0.0006692033478680232,43
0.0,0.01448222222222223,bayes_qmix_independent_sample_minus_qmix,-0.07100000000000001,-0.07400000000000007,0.012827496529695892,0.027000000000000135,-0.03677073399253794,0.016000000000000014,0.7,0.0,-12.544567837465564,-6.312251339194695,-0.04299999999999998,-0.007999999999999896,0.009249999999999994,bayes_qmix_independent,posterior_sample_independent,0.021748888888888818,0.010213333333333297,0.00815583375096321,,,-1.0661915408416736,qmix_ddqn,deterministic,multi,,,0.0049659470264592775,0.0,0.00900749979913229,0.024020000000000152,-0.000337777777777778,44
0.0,-0.030311111111111108,bayes_qmix_independent_sample_minus_qmix,-0.09099999999999997,-0.10100000000000003,-0.07426442737310984,-0.3679999999999999,-0.012373234493557317,-0.44599999999999973,0.7,0.0,-9.76290569895221,-1.851982980734082,-0.063,-0.040999999999999925,0.020333333333333342,bayes_qmix_independent,posterior_sample_independent,-0.15169777777777782,0.05869555555555561,-0.05688666649907825,,,0.4677459579010419,qmix_ddqn,deterministic,multi,,,-0.009696859045910916,0.0,-0.09016499874740835,-0.24044,6.888888888888917e-05,45
0.0,-0.003651111111111119,bayes_qmix_independent_sample_minus_qmix,-0.15299999999999997,-0.191,0.023886667921293847,0.10199999999999987,-0.08274784972185426,0.1280000000000001,0.7,0.0,-16.89795918367347,-7.4646173603409025,-0.10499999999999998,0.0010000000000000009,-0.01200000000000001,bayes_qmix_independent,posterior_sample_independent,0.06281999999999999,-0.019344444444444497,0.023557500693947075,,,-1.7548609570504103,qmix_ddqn,deterministic,multi,,,-0.0017974762692928442,0.0,0.04141249977052208,0.11043333333333338,-0.0007044444444444446,46
0.0,-0.021722222222222212,bayes_qmix_independent_sample_minus_qmix,-0.10599999999999998,-0.126,-0.020805124840561184,-0.0349999999999997,-0.040017763084702826,-0.04599999999999982,1.0,0.0,-8.190831426598606,-1.596806568380174,-0.08399999999999999,-0.02300000000000002,0.01358333333333335,bayes_qmix_independent,posterior_sample_independent,-0.02071999999999996,0.009173333333333367,-0.007769999569281927,,,-0.468655415580411,qmix_ddqn,deterministic,multi,,,-0.01264479654831964,0.0,-0.00907500105351211,-0.0242,-0.0007599999999999998,43
0.0,-0.03516666666666668,bayes_qmix_independent_sample_minus_qmix,0.002999999999999947,0.012999999999999956,-0.01804990438052806,0.1519999999999997,-0.007577273015206221,0.20999999999999996,1.0,0.0,0.25436364180713156,-7.795189686767431,0.009000000000000008,0.006000000000000005,-0.02533333333333332,bayes_qmix_independent,posterior_sample_independent,0.02704222222222219,-0.000568888888888841,0.010140832420438534,,,-0.6991004966424033,qmix_ddqn,deterministic,multi,,,-0.013917254179416222,0.0,0.033164999768137915,0.08844000000000007,0.00017555555555555553,44
0.0,-0.0007111111111111207,bayes_qmix_independent_sample_minus_qmix,-0.02300000000000002,-0.021999999999999964,-0.04760468606996027,-0.3320000000000003,0.012990011460739331,-0.3939999999999997,1.0,0.0,-15.82322148156517,-10.678377368816536,-0.016000000000000014,-0.051999999999999935,0.04241666666666665,bayes_qmix_independent,posterior_sample_independent,-0.10243555555555561,0.034560000000000035,-0.03841333310306069,,,-0.4588346696169934,qmix_ddqn,deterministic,multi,,,0.003784382153041388,0.0,-0.06150500098615885,-0.16401333333333334,0.00012666666666666642,45
0.0,0.0017599999999999977,independent_sampling_minus_shared_sampling,0.027000000000000024,0.04400000000000004,0.03810072142934179,0.4740000000000002,-0.010845463318726864,0.6060000000000003,1.0,0.0,-7.744026349935119,3.285055775378357,0.018000000000000016,0.03199999999999992,-0.023916666666666656,bayes_qmix_independent,posterior_sample_independent,0.16923555555555558,-0.05179333333333336,0.06346333343721927,,,-0.4700289184273654,bayes_qmix_shared,posterior_sample_shared,multi,,,-0.019697206684546886,0.0,0.12049999969452618,0.32133333333333325,-0.0005288888888888886,43
0.0,0.024951111111111104,independent_sampling_minus_shared_sampling,-0.025000000000000022,-0.031000000000000028,-0.010381088533021998,0.20799999999999974,-0.024779541446208114,0.26900000000000013,1.0,0.0,-1.5647366360993047,-6.901974929905693,-0.009000000000000008,0.018999999999999906,-0.02583333333333332,bayes_qmix_independent,posterior_sample_independent,0.05126888888888881,-0.02362888888888892,0.019225833021104338,,,-1.4473911642258876,bayes_qmix_shared,posterior_sample_shared,multi,,,0.009317943317283042,0.0,0.048877499930560564,0.13034000000000012,-0.00015999999999999999,44
0.0,0.009179999999999994,independent_sampling_minus_shared_sampling,0.046999999999999986,0.063,0.023559254422375914,0.3739999999999999,-0.00861922153851799,0.4870000000000001,1.0,0.0,-8.967690665940104,-2.5893229141434215,0.04099999999999998,0.050000000000000044,-0.04450000000000001,bayes_qmix_independent,posterior_sample_independent,0.12017555555555554,-0.04300000000000004,0.045065833732485766,,,-0.9107327107439298,bayes_qmix_shared,posterior_sample_shared,multi,,,-0.009286935885182063,0.0,0.09477000001817937,0.25272000000000006,5.555555555555565e-05,45
