algo,boundary_hit_ratio_ci95_high,boundary_hit_ratio_ci95_low,boundary_hit_ratio_mean,boundary_hit_ratio_std,collision_agent_ratio_ci95_high,collision_agent_ratio_ci95_low,collision_agent_ratio_mean,collision_agent_ratio_std,completed_mean_ci95_high,completed_mean_ci95_low,completed_mean_mean,completed_mean_std,completed_value_mean_ci95_high,completed_value_mean_ci95_low,completed_value_mean_mean,completed_value_mean_std,coverage_overlap_ratio_mean_ci95_high,coverage_overlap_ratio_mean_ci95_low,coverage_overlap_ratio_mean_mean,coverage_overlap_ratio_mean_std,detected_mean_ci95_high,detected_mean_ci95_low,detected_mean_mean,detected_mean_std,detected_to_completed_ratio_ci95_high,detected_to_completed_ratio_ci95_low,detected_to_completed_ratio_mean,detected_to_completed_ratio_std,detected_value_mean_ci95_high,detected_value_mean_ci95_low,detected_value_mean_mean,detected_value_mean_std,detection_probability,episode_length_mean_ci95_high,episode_length_mean_ci95_low,episode_length_mean_mean,episode_length_mean_std,first_completion_step_mean_ci95_high,first_completion_step_mean_ci95_low,first_completion_step_mean_mean,first_completion_step_mean_std,first_detection_step_mean_ci95_high,first_detection_step_mean_ci95_low,first_detection_step_mean_mean,first_detection_step_mean_std,global_state_mode,had_completion_mean_ci95_high,had_completion_mean_ci95_low,had_completion_mean_mean,had_completion_mean_std,had_detection_mean_ci95_high,had_detection_mean_ci95_low,had_detection_mean_mean,had_detection_mean_std,is_baseline,knowledge_overlap_ratio_mean_ci95_high,knowledge_overlap_ratio_mean_ci95_low,knowledge_overlap_ratio_mean_mean,knowledge_overlap_ratio_mean_std,local_new_observed_cells_per_decision_ci95_high,local_new_observed_cells_per_decision_ci95_low,local_new_observed_cells_per_decision_mean,local_new_observed_cells_per_decision_std,local_sensor_revisit_ratio_ci95_high,local_sensor_revisit_ratio_ci95_low,local_sensor_revisit_ratio_mean,local_sensor_revisit_ratio_std,mean_local_coverage_ratio_mean_ci95_high,mean_local_coverage_ratio_mean_ci95_low,mean_local_coverage_ratio_mean_mean,mean_local_coverage_ratio_mean_std,n_training_seeds,new_observed_cells_per_step_ci95_high,new_observed_cells_per_step_ci95_low,new_observed_cells_per_step_mean,new_observed_cells_per_step_std,policy_mode,revisit_ratio_ci95_high,revisit_ratio_ci95_low,revisit_ratio_mean,revisit_ratio_std,reward_mean_ci95_high,reward_mean_ci95_low,reward_mean_mean,reward_mean_std,reward_mode,scope,sensor_coverage_ratio_mean_ci95_high,sensor_coverage_ratio_mean_ci95_low,sensor_coverage_ratio_mean_mean,sensor_coverage_ratio_mean_std,sensor_revisit_ratio_ci95_high,sensor_revisit_ratio_ci95_low,sensor_revisit_ratio_mean,sensor_revisit_ratio_std,simultaneous_sensor_overlap_ratio_mean_ci95_high,simultaneous_sensor_overlap_ratio_mean_ci95_low,simultaneous_sensor_overlap_ratio_mean_mean,simultaneous_sensor_overlap_ratio_mean_std,stay_ratio_ci95_high,stay_ratio_ci95_low,stay_ratio_mean,stay_ratio_std,team_coverage_ratio_mean_ci95_high,team_coverage_ratio_mean_ci95_low,team_coverage_ratio_mean_mean,team_coverage_ratio_mean_std,team_new_observed_cells_per_env_step_ci95_high,team_new_observed_cells_per_env_step_ci95_low,team_new_observed_cells_per_env_step_mean,team_new_observed_cells_per_env_step_std,tracking_progress_ratio_ci95_high,tracking_progress_ratio_ci95_low,tracking_progress_ratio_mean,tracking_progress_ratio_std,training_seeds,uncertainty_unit
baseline_local_frontier,nan,nan,0.0,nan,nan,nan,0.422785208391908,nan,3.4958458073418206,3.3801541926581797,3.438,0.932821526338238,4.37454067329736,4.227459326702641,4.301,1.1859169448152767,0.5691411854711921,0.5365612203555528,0.5528512029133724,0.2626922691875478,3.4986581360351776,3.383341863964822,3.441,0.9297951387268057,nan,nan,0.999128160418483,nan,4.377362278579106,4.230637721420894,4.304,1.1830401514741586,0.5,102.33031097086207,96.84568902913792,99.588,44.2225084770188,13.077384078546274,11.83911286646391,12.458248472505092,9.893824741301069,9.523783035849462,8.168994176764983,8.846388606307222,10.830320117849192,memory_union,0.9902445190092384,0.9737554809907616,0.982,0.132951118836962,0.9910163107997906,0.9749836892002094,0.983,0.12927103310486848,True,0.20405077787330872,0.17044922212669128,0.18725,0.27092935477311747,nan,nan,2.043372026080786,nan,nan,nan,0.5137533303878646,nan,0.5236468528709045,0.4988298170664676,0.5112383349686861,0.2000997676589515,1,,,,,deterministic,,,,,9.063904279024651,7.653364387541072,8.358634333282861,11.373183597901122,task_potential,multi,,,,,,,,,nan,nan,0.20726558092849875,nan,nan,nan,0.0,nan,0.8592518656347214,0.8396931382920325,0.849472501963377,0.1577020248436406,nan,nan,3.381823111218219,nan,nan,nan,0.03458917406380956,nan,999,evaluation_episode
baseline_local_frontier,nan,nan,0.0,nan,nan,nan,0.408608052325249,nan,3.6341851713339888,3.5338148286660114,3.584,0.8092861051568846,4.5377204156801065,4.408279584319893,4.473,1.0436814648157742,0.5271536739472238,0.49551617121093905,0.5113349225790814,0.255093194720225,3.6361721433703043,3.5358278566296955,3.586,0.8090760162061412,nan,nan,0.9994422755158952,nan,4.539723505252204,4.410276494747795,4.475,1.0437312872574052,0.7,90.25144785069844,84.65455214930157,87.453,45.12777183730657,11.666009981638604,10.61970430407568,11.142857142857142,8.381292016697437,7.860872944016194,6.819978119813593,7.340425531914893,8.33794909784984,memory_union,0.9940243085432312,0.9799756914567688,0.987,0.11327400407860576,0.9940243085432312,0.9799756914567688,0.987,0.11327400407860576,True,0.18032078492691853,0.14884588173974808,0.1645833333333333,0.25378215450351205,nan,nan,2.1556950590602955,nan,nan,nan,0.492451183302269,nan,0.48545847089034566,0.4621515299286222,0.4738050004094839,0.18792387245732098,1,,,,,deterministic,,,,,11.391898187150952,9.999998900353871,10.695948543752412,11.222884396329109,task_potential,multi,,,,,,,,,nan,nan,0.20532067662722273,nan,nan,nan,0.0,nan,0.8282960337780318,0.808923968426148,0.8186100011020899,0.1561969691518493,nan,nan,3.7099241878494733,nan,nan,nan,0.0410277520496724,nan,999,evaluation_episode
baseline_random,nan,nan,0.0,nan,nan,nan,0.004913333333333333,nan,0.17210289986954846,0.12589710013045152,0.149,0.3725573781312081,0.20945390453730187,0.15054609546269812,0.18,0.4749736834815167,0.34253717065409056,0.3218788999219217,0.33220803528800613,0.1665676435460379,2.3740832637597533,2.243916736240247,2.309,1.0495327531811476,nan,nan,0.06453009961022088,nan,2.9569721713003467,2.787027828699653,2.872,1.3702612889518553,0.5,150.0,150.0,150.0,0.0,83.80017973969791,70.15815359363543,76.97916666666667,41.61604737725047,24.05824664486861,20.370775437150314,22.214511041009462,28.993748913780106,memory_union,0.16577165559592075,0.12222834440407924,0.144,0.35108973211986705,0.9643863330420362,0.9376136669579637,0.951,0.21586801523152982,True,0.111050816712471,0.07811584995419565,0.09458333333333332,0.2655546475460999,nan,nan,0.7332688888888889,nan,nan,nan,0.7225177777777778,nan,0.28027322631685986,0.2746784424522613,0.2774758343845606,0.0451107440965241,1,,,,,deterministic,,,,,-7.667837802746534,-7.993699357246483,-7.8307685799965085,2.627421818554452,task_potential,multi,,,,,,,,,nan,nan,0.033958705395491146,nan,nan,nan,0.0,nan,0.6174433650291262,0.6045466342055501,0.6109949996173382,0.10398634477112771,nan,nan,1.60932,nan,nan,nan,0.008908888888888888,nan,999,evaluation_episode
baseline_random,nan,nan,0.0,nan,nan,nan,0.004913333333333333,nan,0.17210289986954846,0.12589710013045152,0.149,0.3725573781312081,0.20945390453730187,0.15054609546269812,0.18,0.4749736834815167,0.34253717065409056,0.3218788999219217,0.33220803528800613,0.1665676435460379,2.4574608402173093,2.3285391597826903,2.393,1.0394955507360288,nan,nan,0.06226493940660259,nan,3.0593079191133623,2.890692080886638,2.975,1.35954955775801,0.7,150.0,150.0,150.0,0.0,83.79201742602221,70.15242701842224,76.97222222222223,41.60861697020029,22.718609085527298,19.102596735678524,20.91060291060291,28.596016031967324,memory_union,0.16577165559592075,0.12222834440407924,0.144,0.35108973211986705,0.9738563950551465,0.9501436049448534,0.962,0.19119623427254,True,0.10536501681086437,0.07446831652246895,0.08991666666666666,0.2491201043450506,nan,nan,0.7332688888888889,nan,nan,nan,0.7225177777777778,nan,0.28027322631685986,0.2746784424522613,0.2774758343845606,0.0451107440965241,1,,,,,deterministic,,,,,-7.81726077922233,-8.143736380770687,-7.9804985799965085,2.632372880102909,task_potential,multi,,,,,,,,,nan,nan,0.033958705395491146,nan,nan,nan,0.0,nan,0.6174433650291262,0.6045466342055501,0.6109949996173382,0.10398634477112771,nan,nan,1.60932,nan,nan,nan,0.009006666666666666,nan,999,evaluation_episode
bayes_qmix_independent,0.0,0.0,0.0,0.0,0.0809964755034765,0.04590130227430128,0.06344888888888889,0.011029281341664117,0.507826473479906,0.261673526520094,0.38475,0.07735793430540916,0.667136412802472,0.3173635871975279,0.49224999999999997,0.10992232105749344,0.41192142696591916,0.275905019464453,0.3439132232151861,0.04274557118210754,2.4275253105180465,1.8154746894819538,2.1215,0.1923477753098971,0.2229638219347841,0.13831447039156242,0.18063914616317325,0.02660256176719726,3.040078698391371,2.253421301608629,2.64675,0.2472210549285801,0.5,150.0,150.0,150.0,0.0,67.20355629154919,41.58882331455991,54.39618980305455,8.049884656501973,35.55623735274131,7.678869006969498,21.617553179855406,8.760957996785612,memory_union,0.432825992000683,0.23867400799931698,0.33575,0.0610157083599516,0.9813425942272544,0.8976574057727456,0.9395,0.026299556396765802,False,0.1413431766681905,0.07299015666514283,0.10716666666666666,0.02148115022094521,0.8503421824521759,0.5881133731033797,0.7192277777777778,0.08241005950622128,0.8618196262197427,0.773729262669146,0.8177744444444444,0.02768396088956526,0.32137831879065887,0.22304251612319098,0.2722104174569249,0.030903772051372694,4,,,,,posterior_mean,,,,,-5.746498358761507,-8.401863029967844,-7.074180694364675,0.8344954969221678,task_potential,multi,,,,,,,,,0.09611432073271817,0.05272918440809213,0.07442175257040515,0.013634549442057208,0.0,0.0,0.0,0.0,0.6642309559375376,0.5064415433466108,0.5853362496420742,0.04958812463574066,1.7512825492881956,1.330510784045138,1.5408966666666668,0.13223499850504644,0.003946672827027127,0.0021933271729728723,0.00307,0.0005510200044167993,"43,44,45,46",training_seed
bayes_qmix_independent,0.0,0.0,0.0,0.0,0.08575203702300535,0.04645796297699465,0.066105,0.012348860479575957,0.4171270757636586,0.2673729242363414,0.34225,0.047062901171375605,0.5566676210862557,0.3408323789137443,0.44875,0.0678300572509464,0.3144522058655728,0.2676192560724379,0.29103573096900537,0.01471808604435416,2.300617757768623,1.887382242231377,2.094,0.12986659822037888,0.19790749551114736,0.1294074941856164,0.16365749484838188,0.021527341711354793,2.8910797675070583,2.3509202324929417,2.621,0.1697547250201497,0.7,150.0,150.0,150.0,0.0,50.75906611104943,40.06209812535703,45.41058211820323,3.361712126238966,21.17779834399499,12.86310209825169,17.02045022112334,2.6130409320374923,memory_union,0.3531361520939499,0.2328638479060502,0.29300000000000004,0.037797707161502096,0.9547183735606737,0.9077816264393261,0.9312499999999999,0.014750706197783625,False,0.12057440073123026,0.07796726593543642,0.09927083333333334,0.01339004864732679,0.7172050491916542,0.5750927285861236,0.6461488888888889,0.04466132011487451,0.8562461144420015,0.808210552224665,0.8322283333333332,0.015096028352399893,0.2714518936202832,0.21815977437785194,0.24480583399906758,0.01674799473363648,4,,,,,posterior_mean,,,,,-6.877574128764617,-7.928538531101876,-7.403056329933246,0.3302842244931675,task_potential,multi,,,,,,,,,0.07321361186940711,0.054268934532190755,0.06374127320079893,0.005953701237340151,0.0,0.0,0.0,0.0,0.6047544266212828,0.5047030731882804,0.5547287499047816,0.03144291434098126,1.5926784699955898,1.3258748633377437,1.4592766666666668,0.08384777079127784,0.0035018800411740817,0.0025714532921592517,0.0030366666666666667,0.0002924031266545663,"43,44,45,46",training_seed
bayes_qmix_independent,0.0,0.0,0.0,0.0,0.078916620348957,0.04568486113252449,0.06230074074074074,0.006688251846125539,0.4780996676657828,0.25256699900088386,0.36533333333333334,0.045390894828515244,0.6188625034071933,0.31047082992614017,0.46466666666666673,0.062067167917775466,0.43993343116634337,0.21068214366691168,0.3253077874166275,0.046139307186799386,3.1281818324738575,1.7871515008594763,2.457666666666667,0.26989689389345206,0.2378678658206889,0.06441969865412647,0.15114378223740768,0.034908324193839886,3.858268231647183,2.2897317683528167,3.074,0.31568496955034137,1.0,150.0,150.0,150.0,0.0,64.6780395256256,39.69802344563357,52.18803148562959,5.027499073255142,18.754802006224377,12.298723796595347,15.526762901409862,1.2993557374756903,memory_union,0.4153225003795572,0.23067749962044282,0.323,0.0371618083521241,1.0208148105896107,0.9071851894103893,0.964,0.02286919325205856,False,0.11618927492424078,0.05397739174242589,0.08508333333333333,0.01252081600109727,1.0252421957615518,0.46655928571992933,0.7459007407407406,0.11244099297147604,0.8848154337424444,0.7202986403316297,0.8025570370370371,0.033110788390174714,0.38696582388785666,0.17745973218076244,0.28221277803430955,0.04216537245315732,3,,,,,posterior_mean,,,,,-6.137988646099638,-9.72977290515346,-7.933880775626549,0.7228855248091277,task_potential,multi,,,,,,,,,0.07979836493867955,0.05786286015012905,0.0688306125444043,0.004414758166795243,0.0,0.0,0.0,0.0,0.7732919717305164,0.458349694940124,0.6158208333353202,0.06338554785642345,2.042111926243773,1.2022658515340046,1.622188888888889,0.16902812827499492,0.004289060854946515,0.0017746428487571881,0.0030318518518518515,0.0005060538854503776,"43,44,45",training_seed
bayes_qmix_independent,0.0,0.0,0.0,0.0,0.09386901177554167,0.05830432155779165,0.07608666666666666,0.011176835392127597,0.415746947547341,0.258753052452659,0.33725,0.04933811913723508,0.5422519426840834,0.3187480573159166,0.4305,0.07024006454059298,0.31565109860498636,0.259709046567895,0.2876800725864407,0.017580783166904902,2.204241406784713,1.8732585932152874,2.0387500000000003,0.10401722613746879,0.19370897053949537,0.13641008486284706,0.16505952770117122,0.018007192230247746,2.760436448908565,2.3450635510914353,2.55275,0.13053830855346635,0.5,150.0,150.0,150.0,0.0,54.347204274307195,41.90035140267677,48.12377783849198,3.9116445228253993,32.94731244041164,9.371050542339644,21.159181491375644,7.409258924598366,memory_union,0.34438955532698046,0.2356104446730195,0.29,0.034185767018843786,0.9538180298112255,0.9021819701887746,0.928,0.016227548592850742,False,0.12176955910016395,0.06918877423316937,0.09547916666666666,0.016524445275611116,0.7348705747796003,0.5923383141092886,0.6636044444444444,0.04479329373674154,0.8535141576827177,0.8012891756506157,0.8274016666666667,0.016412627917065357,0.2780764664288201,0.22462686825286962,0.25135166734084485,0.01679748528471102,4,,,,,posterior_sample_independent,,,,,-6.374888893205398,-8.45351468445482,-7.414201788830109,0.6532450632462043,task_potential,multi,,,,,,,,,0.07610501529621536,0.060265554492290284,0.06818528489425282,0.004977831805130445,0.0,0.0,0.0,0.0,0.6172516166254319,0.5255271329299175,0.5713893747776747,0.02882604767300891,1.6260043102165886,1.3814056897834115,1.503705,0.0768694595955931,0.0032850172602233423,0.002011649406443324,0.0026483333333333333,0.00040017845813325513,"43,44,45,46",training_seed
bayes_qmix_independent,0.0,0.0,0.0,0.0,0.0997943814344744,0.05369561856552561,0.07674500000000001,0.014487354767111497,0.3934643742572965,0.24303562574270354,0.31825000000000003,0.04727490525285764,0.5233169540336661,0.3006830459663339,0.412,0.06996665872637718,0.28389806521599853,0.250287862473302,0.26709296384465026,0.01056260299896184,2.1415451279381728,1.9859548720618274,2.06375,0.0488970005896749,0.1902044478513252,0.11828015402961276,0.15424230094046898,0.022603486430456458,2.6781335301074223,2.4788664698925778,2.5785,0.06262321188398642,0.7,150.0,150.0,150.0,0.0,52.64231870796924,34.57142683708339,43.606872772526316,5.67909863949901,20.714734666797145,12.31542859950763,16.515081633152388,2.6396310708012303,memory_union,0.33678348814417886,0.2312165118558212,0.28400000000000003,0.0331762967593833,0.9436914145423041,0.920308585457696,0.932,0.00734846922834949,False,0.09716865319476786,0.07962301347189879,0.08839583333333333,0.005514028825540252,0.6673730810388127,0.577063585627854,0.6222183333333333,0.028381362479873877,0.853375001753592,0.8203938871352968,0.8368844444444444,0.010364900885699326,0.2527649059630443,0.21889884539325938,0.23583187567815184,0.010643010864168745,4,,,,,posterior_sample_independent,,,,,-7.020906073853457,-8.235502940666338,-7.628204507259897,0.38170863193365207,task_potential,multi,,,,,,,,,0.07518094372983122,0.05625385500638532,0.06571739936810828,0.005948173703157106,0.0,0.0,0.0,0.0,0.5779742133813258,0.5150382862454,0.5465062498133629,0.019778732600856608,1.5212645692057296,1.3534354307942706,1.4373500000000001,0.052743286741501895,0.003346752216789441,0.0022965811165438924,0.0028216666666666668,0.00033003491522487396,"43,44,45,46",training_seed
bayes_qmix_independent,0.0,0.0,0.0,0.0,0.09801045114264163,0.05846214144995095,0.07823629629629629,0.007959526114479311,0.4314791009170129,0.1731875657496538,0.30233333333333334,0.051983971888778686,0.5411376310932159,0.21886236890678404,0.37999999999999995,0.0648613906727261,0.3503565199263897,0.2201843099420118,0.28527041493420074,0.02619856860637546,2.777938167393184,1.8580618326068161,2.318,0.18513508581573634,0.2116521364492038,0.05232314025428084,0.13198763835174232,0.03206668795358528,3.4425946004130177,2.38007206625365,2.9113333333333338,0.21384418003147365,1.0,150.0,150.0,150.0,0.0,56.04850690527976,37.161621372494885,46.60506413888732,3.8011904879759446,17.332073309893662,11.547623262204702,14.439848286049182,1.164183287989948,memory_union,0.3784291550046033,0.16423751166206346,0.27133333333333337,0.04310839052125854,0.9824769644741321,0.9128563688592012,0.9476666666666667,0.01401189970465576,False,0.10940978279482401,0.059923550538509326,0.08466666666666667,0.009959640778885764,0.83973866518457,0.5096450385191338,0.6746918518518519,0.0664349212920298,0.8680728784278992,0.7747197141646934,0.8213962962962963,0.01878833645726187,0.3174019999486965,0.1936168901403485,0.2555094450445225,0.024913095446031996,3,,,,,posterior_sample_independent,,,,,-6.7780321671163595,-9.783726243073774,-8.280879205095067,0.6049285209815279,task_potential,multi,,,,,,,,,0.08592682402372899,0.05395868657592391,0.06994275529982645,0.006433934264808698,0.0,0.0,0.0,0.0,0.6800031441223292,0.48030685459855504,0.5801549993604421,0.0401910434043878,1.7933417223581618,1.2608182776418382,1.52708,0.10717611694983371,0.003701248568580888,0.0013417143943820758,0.0025214814814814818,0.00047488183498808,"43,44,45",training_seed
bayes_qmix_independent,0.0,0.0,0.0,0.0,0.15845142140693053,0.08413413414862503,0.12129277777777778,0.023355527108204117,0.38670939283544425,0.24079060716455583,0.31375000000000003,0.04585756934974494,0.5164230207123585,0.2935769792876415,0.40499999999999997,0.07003332540060243,0.36680383264690725,0.2931277157829488,0.329965774214928,0.023154027927076843,2.1037578993014296,1.7882421006985707,1.9460000000000002,0.09915644204992423,0.19478657842850908,0.1275213472461755,0.1611539628373423,0.02113929326911803,2.640392032029728,2.220107967970272,2.43025,0.1320817297484149,0.5,150.0,150.0,150.0,0.0,59.72164076416227,37.637684405708846,48.679662584935556,6.940275411204722,33.05218260869909,7.369334546701873,20.21075857770048,8.0712910314259,memory_union,0.3335729801630206,0.21342701983697943,0.2735,0.03775800135953526,0.9456834999999999,0.8868165000000001,0.91625,0.01849999999999996,False,0.16372232273141568,0.08836101060191764,0.12604166666666666,0.023683630461815854,0.7375391512888285,0.5906030709333938,0.6640711111111112,0.046177272267578465,0.8535506246637722,0.8024749308917832,0.8280127777777777,0.016051443674415158,0.2790771824914035,0.22397615230726028,0.2515266673993319,0.017316477116324076,4,,,,,posterior_sample_shared,,,,,-6.6853211209118735,-8.820574166015593,-7.752947643463733,0.6710411832506973,task_potential,multi,,,,,,,,,0.13789327280878527,0.08857244054269604,0.11323285667574065,0.015499947286640232,0.0,0.0,0.0,0.0,0.5991468906570562,0.4938256091642788,0.5464862499106675,0.0330990828072839,1.5777250421655435,1.2968682911677898,1.4372966666666667,0.0882642209295267,0.0030382630262070017,0.0019106258626818882,0.002474444444444445,0.00035438000110782944,"43,44,45,46",training_seed
bayes_qmix_independent,0.0,0.0,0.0,0.0,0.1308215265281052,0.07800981383895637,0.10441567018353079,0.016597018444107114,0.37383869754541676,0.2526613024545832,0.31325,0.03808214804865921,0.49210781473220133,0.3153921852677988,0.40375000000000005,0.05553602434456397,0.29965252601223924,0.2822602477082492,0.2909563868602442,0.005465832276552504,2.1144558156363287,1.8890441843636723,2.0017500000000004,0.0708396075652597,0.18294094733541452,0.12978456414143677,0.15636275573842565,0.016705337270263285,2.6372331593923546,2.355266840607645,2.49625,0.08861292230820522,0.7,150.0649145,149.8755855,149.97025,0.059499999999999886,55.409019375126874,33.915180749365916,44.662100062246395,6.754820435499989,19.427318578565167,13.026866587412481,16.227092582988824,2.01145568546596,memory_union,0.32410130756849637,0.22739869243150365,0.27575,0.03039051387083366,0.9359526429562498,0.9050473570437504,0.9205000000000001,0.009712534856222319,False,0.1306877498312139,0.10014558350211941,0.11541666666666665,0.009598418079539438,0.6598864618890619,0.5831399361867451,0.6215131990379035,0.024118958423103954,0.8510021219432033,0.8240146137560067,0.837508367849605,0.008481303641482286,0.24982958378832273,0.22121000056151816,0.23551979217492044,0.008994212202012748,4,,,,,posterior_sample_shared,,,,,-7.24599955442753,-8.336184818116601,-7.791092186272066,0.3426100765836178,task_potential,multi,,,,,,,,,0.1087698228576547,0.08004162316455944,0.09440572301110707,0.0090283468551525,0.0,0.0,0.0,0.0,0.5560091234373801,0.5056671264131614,0.5308381249252707,0.015820866443814797,1.4634512829108166,1.3282525487289507,1.3958519158198837,0.0424886028227109,0.0032171948599184893,0.002264033136514236,0.0027406139982163627,0.00029954799604156303,"43,44,45,46",training_seed
bayes_qmix_independent,0.0,0.0,0.0,0.0,0.15718752763400634,0.0713383982919196,0.11426296296296297,0.017278068069491784,0.44142261363583035,0.18991071969750298,0.31566666666666665,0.05061949558552843,0.5804077300705053,0.2175922699294947,0.399,0.07302054505411472,0.3893033269324133,0.23789439303664106,0.3135988599845272,0.03047268954535383,2.5848210881713127,1.8911789118286872,2.238,0.1396030085635694,0.21254464540666795,0.07137860639649458,0.14196162590158126,0.02841119589459335,3.2412698170986243,2.3680635162347086,2.8046666666666664,0.17574223548519377,1.0,150.0,150.0,150.0,0.0,56.59219130716245,37.534755067704296,47.063473187433374,3.8355156668308035,16.530408702633267,10.945999698915056,13.738204200774161,1.123922859015226,memory_union,0.3639048593044397,0.18809514069556035,0.276,0.03538361202590826,0.966340929811574,0.9083257368550929,0.9373333333333335,0.011676186592091279,False,0.12626341519894,0.0900143625788378,0.1081388888888889,0.007295514857570848,0.8177622365717361,0.5166570226875231,0.6672096296296296,0.060600688923001446,0.865865025655806,0.7832653447145643,0.8245651851851852,0.01662408134780492,0.3091608388965664,0.19624638392077506,0.25270361140867076,0.022725258299676865,3,,,,,posterior_sample_shared,,,,,-6.971252813538031,-9.745707764627655,-8.358480289082843,0.5583891399719095,task_potential,multi,,,,,,,,,0.1289510934644908,0.08408388103172511,0.10651748724810796,0.009030012959276808,0.0,0.0,0.0,0.0,0.6350135424335136,0.4785431238214836,0.5567783331274986,0.03149136822189249,1.673369448836576,1.2561149956078683,1.4647422222222222,0.08397698264890698,0.003883144685257382,0.0013094479073352107,0.002596296296296296,0.0005179843809711264,"43,44,45",training_seed
bayes_qmix_shared,0.0,0.0,0.0,0.0,0.05591872766464691,0.024915716779797537,0.04041722222222222,0.009743246664000432,0.35572441658651205,0.24127558341348807,0.29850000000000004,0.03596757799277937,0.4388550204170026,0.30364497958299747,0.37125,0.042492156138907965,0.30577422236965573,0.21929592604481646,0.2625350742072361,0.027177340139798636,2.182703324269225,1.8012966757307745,1.9919999999999998,0.119863811608564,0.1863608245697174,0.11466829627236172,0.15051456042103956,0.02253064999916898,2.7270656504000512,2.236934349599949,2.482,0.1540324641106543,1.0,150.0,150.0,150.0,0.0,69.20920536510741,31.755741191472204,50.48247327828981,11.770416145077062,25.48829630101404,6.997090070153115,16.242693185583576,5.811189890276845,memory_union,0.31883128633126046,0.21366871366873952,0.26625,0.033049205739321484,0.9580241332222801,0.8844758667777202,0.9212500000000001,0.02311384866265242,False,0.13995136693704124,0.08634029972962544,0.11314583333333333,0.01684822979491383,0.6409746036591298,0.48516095189642555,0.5630677777777777,0.04896720671360915,0.8865636601340477,0.8384418954215079,0.8625027777777778,0.015123119017140113,0.24286547666321726,0.18443535724748641,0.21365041695535184,0.01836270251908575,4,,,,,posterior_mean,,,,,-5.931067896439896,-8.354865326988719,-7.142966611714307,0.7617213798079266,task_potential,multi,,,,,,,,,0.06814548847111981,0.05204751197778873,0.06009650022445427,0.005059074950764011,0.0,0.0,0.0,0.0,0.5450835300026704,0.4504439699338506,0.4977637499682605,0.029742162183790003,1.4335560806183552,1.1811839193816451,1.3073700000000001,0.07931243282109057,0.003128175939191809,0.00243182406080819,0.0027799999999999995,0.00021884094229529207,"43,44,45,46",training_seed
bayes_qmix_shared,0.0,0.0,0.0,0.0,0.056524599570255976,0.04735984487418847,0.05194222222222222,0.002880186893798712,0.3584758777609407,0.23352412223905936,0.29600000000000004,0.03926830783214373,0.44407734666500587,0.28942265333499406,0.36674999999999996,0.048602983447520995,0.2803261508975694,0.21918472726501365,0.24975543908129152,0.019214778011488295,2.2789709888569845,1.8060290111430155,2.0425,0.1486304141150122,0.1844527158194883,0.10716257984534527,0.1458076478324168,0.024289797603439037,2.8441674298557205,2.244832570144279,2.5444999999999998,0.18835162153093707,1.0,150.0,150.0,150.0,0.0,59.76332040042212,36.6575248697994,48.21042263511076,7.261406514966283,24.63527347376118,8.11606613749546,16.37566980562832,5.191454222585079,memory_union,0.3179307946926887,0.20756920530731124,0.26275,0.0346830890588867,0.9517240252596233,0.9062759747403768,0.929,0.014282856857085665,False,0.1103143150728324,0.07510235159383427,0.09270833333333334,0.011065984751413615,0.6320800362411936,0.5009966304254732,0.5665383333333334,0.04119528781135149,0.8795533288706778,0.8373866711293221,0.85847,0.013251620911802575,0.2395300141303357,0.19037373641780353,0.21495187527406961,0.015448233096333176,4,,,,,posterior_sample_independent,,,,,-6.4909780650335716,-8.366459241587199,-7.428718653310385,0.5894032610162249,task_potential,multi,,,,,,,,,0.06737411332070542,0.05085513567202596,0.05911462449636569,0.005191382039182733,0.0,0.0,0.0,0.0,0.5494310534870032,0.4635089457655547,0.5064699996262789,0.027002547995426913,1.4451494780817846,1.2160238552515485,1.3305866666666666,0.07200679535833944,0.003105067009417874,0.0024104885461376808,0.0027577777777777774,0.00021828361511005447,"43,44,45,46",training_seed
bayes_qmix_shared,0.0,0.0,0.0,0.0,0.07536208461078613,0.05888013761143611,0.06712111111111112,0.005179744500109998,0.34485467386346935,0.22964532613653066,0.28725,0.03620658319514101,0.4327713579431768,0.2832286420568232,0.358,0.04699645376692446,0.29753479621697493,0.23658741621279938,0.26706110621488716,0.019153796355806267,2.1755816722967727,1.7734183277032272,1.9745,0.12638697190243414,0.18611777529742243,0.10673579538191749,0.14642678533966996,0.024947196705061264,2.706737777697239,2.2232622223027607,2.465,0.15194077793666835,1.0,150.0,150.0,150.0,0.0,59.78724915832569,39.128802883626136,49.458026020975915,6.4922835558452405,21.665504751153705,9.109834599701339,15.38766967542752,3.9458422851830184,memory_union,0.30162198670640883,0.21137801329359118,0.2565,0.028360771028541062,0.9511993659260032,0.8818006340739968,0.9165,0.021809783737274137,False,0.14236165426630584,0.08388834573369414,0.11312499999999999,0.018376275465937054,0.6341511271935635,0.4907666505842142,0.5624588888888888,0.04506111772763963,0.8837243483663151,0.8373423183003514,0.8605333333333333,0.01457637651350206,0.24030667365913091,0.18653749427746238,0.21342208396829665,0.01689791935313279,4,,,,,posterior_sample_shared,,,,,-6.335555247329876,-8.584296161458479,-7.459925704394178,0.7067067611969213,task_potential,multi,,,,,,,,,0.09081648529518106,0.06570970266102881,0.07826309397810494,0.007890252242034023,0.0,0.0,0.0,0.0,0.5415125822452823,0.44468491642642827,0.4930987493358553,0.030429813268024512,1.4240335549983942,1.1658264450016056,1.29493,0.08114616907504356,0.0030999650555187937,0.00222336827781454,0.0026616666666666668,0.0002754861023583451,"43,44,45,46",training_seed
qmix_ddqn,0.0,0.0,0.0,0.0,0.11635696124786868,0.07546303875213131,0.09591,0.012851641262016768,0.5235339762267931,0.29146602377320685,0.4075,0.0729314746868593,0.6625755147116467,0.3709244852883534,0.51675,0.0916565145893442,0.35449260259530047,0.27617609665347975,0.3153343496243901,0.024612352590138522,2.3061804820814156,2.050319517918585,2.1782500000000002,0.080408851088256,0.22979525479478127,0.14315482646299568,0.18647504062888848,0.02722829300181823,2.9176194246228206,2.53938057537718,2.7285000000000004,0.11886827443294812,0.5,150.0,150.0,150.0,0.0,63.25885727799565,47.36597930707236,55.312418292534005,4.994619098341703,32.93413415151853,17.41337444080249,25.17375429616051,4.877674327692031,memory_union,0.4250744939536918,0.2644255060463082,0.34475,0.05048679695392317,0.9680573351997909,0.9274426648002091,0.94775,0.012763881332363827,False,0.09406671126753435,0.07130828873246564,0.0826875,0.0071522383831139884,0.7801468913369234,0.6495886642186319,0.7148677777777777,0.04103024108054413,0.8214941466443272,0.7732402978001173,0.7973672222222222,0.015164628800820219,0.2950550844953448,0.24609574973722392,0.27057541711628436,0.015386340275965065,4,,,,,deterministic,,,,,-6.165167371408756,-7.832799789289102,-6.998983580348929,0.5240830980139366,task_potential,multi,,,,,,,,,0.08918566364107826,0.0660622077273187,0.07762393568419848,0.007266956603947064,0.0,0.0,0.0,0.0,0.6332920744547154,0.5672529249286747,0.600272499691695,0.0207539753381649,1.6687788638367431,1.49267446949659,1.5807266666666666,0.055343932853599294,0.0035732014383512752,0.002449020783870947,0.003011111111111111,0.000353293731766288,"43,44,45,46",training_seed
qmix_ddqn,0.0,0.0,0.0,0.0,0.1070398704298617,0.07266038479395918,0.08985012761191044,0.010804363807637494,0.46044469135090915,0.4110553086490908,0.43574999999999997,0.015521490478258432,0.5851744755197407,0.5193255244802594,0.55225,0.02069420208657486,0.3523964145123283,0.22548385100474977,0.288940132758539,0.039884526558007075,2.5091640624755005,1.8763359375244997,2.19275,0.19887747484318072,0.22486678603483728,0.17457535163992044,0.19972106883737886,0.015804976239760172,3.143218538703729,2.3467814612962705,2.7449999999999997,0.2502944932141603,0.7,150.00763700000002,149.98536299999998,149.9965,0.007000000000005002,62.81659112658655,47.91210274732263,55.36434693695459,4.684000119190421,27.083495314975217,18.024295266489545,22.55389529073238,2.847014471554264,memory_union,0.3837951398285268,0.3447048601714731,0.36424999999999996,0.012284814474246933,0.9745494742858778,0.9174505257141221,0.946,0.017944358444926332,False,0.10771333660755236,0.06191166339244764,0.0848125,0.01439398906822901,0.8144035270238565,0.5236919584659003,0.6690477427448784,0.09136127233122446,0.8607725444900908,0.7638169037843409,0.8122947241372158,0.03047003164857004,0.3078887554665999,0.19888457838278553,0.2533866669246927,0.03425649814073361,4,,,,,deterministic,,,,,-6.004448777242808,-7.766156488322225,-6.885302632782516,0.5536479293147132,task_potential,multi,,,,,,,,,0.0781199747327359,0.06407066868572082,0.07109532170922836,0.004415243886554074,0.0,0.0,0.0,0.0,0.6640398368464004,0.4872114123551954,0.5756256246007979,0.05557147218453962,1.750850749296759,1.2792268622136485,1.5150388057552038,0.14821618073007878,0.003441391614923374,0.003023210059010638,0.003232300836967006,0.0001314209792309039,"43,44,45,46",training_seed
qmix_ddqn,0.0,0.0,0.0,0.0,0.13383566493866053,0.06700211283911725,0.10041888888888889,0.02100363045240203,0.4126910342334766,0.26130896576652335,0.33699999999999997,0.04757450297515816,0.5169579223306416,0.3200420776693583,0.4185,0.06188430064779487,0.3407063442028099,0.28548404376360537,0.3130951939832076,0.017354588447267297,2.6909516634582924,2.0655483365417076,2.37825,0.19654410022519958,0.15676198222224297,0.12571482038946047,0.14123840130585172,0.009757121883338308,3.3658949235817244,2.5816050764182754,2.97375,0.2464770104222027,1.0,150.0,150.0,150.0,0.0,60.21576027674376,46.392103099976815,53.30393168836029,4.344329722428331,26.30703794193149,13.925902568635273,20.11647025528338,3.8909916320855484,memory_union,0.35377529913454686,0.24072470086545317,0.29725,0.03552815784698104,1.0025057978097625,0.9339942021902373,0.9682499999999999,0.021530985424112248,False,0.10994973244473588,0.04105026755526409,0.07549999999999998,0.02165288022924946,0.7969943620813653,0.6112623045853014,0.7041283333333334,0.05836959695036577,0.828572370569188,0.7845854072085897,0.8065788888888888,0.013823684274229506,0.30137288562826914,0.23172336578681962,0.2665481257075444,0.021888598315980355,4,,,,,deterministic,,,,,-7.00890502263326,-8.780872096599039,-7.894888559616149,0.556872116268315,task_potential,multi,,,,,,,,,0.09809858228305711,0.0601456934981726,0.07912213789061485,0.01192736919700959,0.0,0.0,0.0,0.0,0.6556715865244083,0.5276946633423754,0.5916831249333918,0.040219020484611186,1.7284575634245156,1.3871857699088177,1.5578216666666667,0.10725072077803209,0.0032893737825054766,0.001956181773050079,0.0026227777777777777,0.0004189792612996221,"43,44,45,46",training_seed
shared_ddqn,0.0,0.0,0.0,0.0,0.09327677733624062,0.022349889330426025,0.05781333333333333,0.022290033942745004,0.317154350701234,0.15934564929876596,0.23825,0.04959418648726212,0.39854674732981765,0.19095325267018237,0.29475,0.06523994175349945,0.29597575356081607,0.06764222826130875,0.18180899091106242,0.07175786464472261,2.273265454201282,0.855234545798718,1.56425,0.4456413917041369,0.18741302434771565,0.12226377944659186,0.15483840189715375,0.020474307008524133,2.8457440746873406,1.0452559253126594,1.9455,0.5658353706394348,1.0,150.0,150.0,150.0,0.0,56.25870172381083,35.632612715500755,45.94565721965579,6.482114710342578,44.09573230898668,17.72300021939651,30.909366264191597,8.28809933676624,memory_union,0.28521180407624486,0.15428819592375514,0.21975,0.04114506855829343,0.9625780067668089,0.650921993233191,0.80675,0.09794343605707666,False,0.34313765582748756,0.06852901083917914,0.20583333333333334,0.08630064267388698,0.6660991264753002,0.18335531796914412,0.4247272222222222,0.15171081348402143,0.9672461965804767,0.8146404700861901,0.8909433333333334,0.0479590592376765,0.2522871731043882,0.07125824409079781,0.161772708597593,0.056891555315396095,4,,,,,deterministic,,,,,-3.9962191481129743,-7.745184346894225,-5.8707017475036,1.1781788808237748,task_potential,multi,,,,,,,,,0.07314428323037109,0.04330074790216102,0.05822251556626606,0.009378860882529878,0.0,0.0,0.0,0.0,0.5753347862637255,0.22387521296417087,0.3996049996139482,0.11045241147063313,1.5142260973388006,0.5770005693278659,1.0456133333333333,0.29453976367408385,0.002450047608314553,0.0012399523916854474,0.0018450000000000003,0.00038029390843152296,"43,44,45,46",training_seed
baseline_frontier,nan,nan,0.0,nan,,,,,3.4999776314141133,3.416022368585887,3.458,0.6769313111387298,4.384352445905015,4.2736475540949845,4.329,0.8926135782072778,,,,,3.5230251042750753,3.440974895724925,3.482,0.6615708578829633,nan,nan,0.9931074095347502,nan,4.414003572343187,4.3059964276568135,4.36,0.8708616422830896,0.5,127.36354164050992,123.75845835949009,125.561,29.067787652313687,27.05344331033636,24.59055668966364,25.822,19.85825561322041,23.31539042567654,20.856609574323457,22.086,19.82515079387796,,1.0,1.0,1.0,0.0,1.0,1.0,1.0,0.0,True,,,,,,,,,,,,,,,,,1,nan,nan,2.8010926959804396,nan,deterministic,nan,nan,0.9920357435828004,nan,11.578853855005047,10.779435059871894,11.17914445743847,6.445714001820643,task_potential,single,0.8900777139568781,0.8734622904157188,0.8817700021862984,0.1339701653469279,nan,nan,0.2733173517254561,nan,,,,,nan,nan,0.0,nan,,,,,,,,,nan,nan,0.08289994504663072,nan,999,evaluation_episode
baseline_frontier,nan,nan,0.0,nan,,,,,3.6947707930316245,3.625229206968376,3.66,0.5607138307550473,4.6243897786556225,4.533610221344377,4.579,0.7319555997463235,,,,,3.719475038231264,3.652524961768736,3.686,0.5398184880124058,nan,nan,0.9929462832338578,nan,4.658265074906981,4.571734925093019,4.615,0.6976926257314177,0.7,118.99136713593732,115.25663286406267,117.124,30.113163633202007,24.05858722207505,21.88541277792495,22.972,17.522306240903337,20.251074972390455,18.082925027609548,19.167,17.481793700876352,,1.0,1.0,1.0,0.0,1.0,1.0,1.0,0.0,True,,,,,,,,,,,,,,,,,1,nan,nan,2.876617943376251,nan,deterministic,nan,nan,0.9914620402308665,nan,13.417957409171434,12.675984508735857,13.046970958953645,5.982527734430441,task_potential,single,0.8537812518532711,0.8358237512056391,0.8448025015294551,0.14479133348730638,nan,nan,0.2584440422116731,nan,,,,,nan,nan,0.0,nan,,,,,,,,,nan,nan,0.09397732317885318,nan,999,evaluation_episode
baseline_oracle,nan,nan,0.0,nan,,,,,4.0,4.0,4.0,0.0,5.0,5.0,5.0,0.0,,,,,4.0,4.0,4.0,0.0,nan,nan,1.0,nan,5.0,5.0,5.0,0.0,0.5,53.51213897775268,52.12786102224732,52.82,11.161433599677059,15.914278926707004,15.065721073292996,15.49,6.841922244515791,10.259950712358233,9.450049287641768,9.855,6.5302354475164215,,1.0,1.0,1.0,0.0,1.0,1.0,1.0,0.0,True,,,,,,,,,,,,,,,,,1,nan,nan,2.684078000757289,nan,deterministic,nan,nan,0.9812192351382052,nan,20.579786012369677,20.47656915580703,20.528177584088354,0.8322375476035174,task_potential,single,0.3625567837969814,0.3513082152886833,0.35693249954283235,0.09069721149388191,nan,nan,0.309201060204468,nan,,,,,nan,nan,0.0,nan,,,,,,,,,nan,nan,0.227300265051117,nan,999,evaluation_episode
baseline_oracle,nan,nan,0.0,nan,,,,,4.0,4.0,4.0,0.0,5.0,5.0,5.0,0.0,,,,,4.0,4.0,4.0,0.0,nan,nan,1.0,nan,5.0,5.0,5.0,0.0,0.7,52.74503004423739,51.37896995576261,52.062,11.014542931960454,15.723588956602544,14.882411043397457,15.303,6.782417784241841,9.509686328382832,8.722313671617167,9.116,6.34858598429603,,1.0,1.0,1.0,0.0,1.0,1.0,1.0,0.0,True,,,,,,,,,,,,,,,,,1,nan,nan,2.7231570051092926,nan,deterministic,nan,nan,0.9809457953977949,nan,20.600486558769614,20.497978276111024,20.54923241744032,0.8265243159875832,task_potential,single,0.3625567837969814,0.3513082152886833,0.35693249954283235,0.09069721149388191,nan,nan,0.2991433291076025,nan,,,,,nan,nan,0.0,nan,,,,,,,,,nan,nan,0.23051361837808768,nan,999,evaluation_episode
baseline_random,nan,nan,0.0,nan,,,,,0.06913743353749283,0.04086256646250717,0.055,0.22798026230356,0.08783348195216283,0.050166518047837186,0.069,0.303708742053962,,,,,1.0933453940472218,0.9826546059527783,1.038,0.8924998599439665,nan,nan,0.052986512524084775,nan,1.3756143249351378,1.230385675064862,1.303,1.1709786505312554,0.5,150.0,150.0,150.0,0.0,80.88152005406405,59.154843582299584,70.01818181818182,40.729034052823216,47.22599365813274,40.81147031881251,44.018731988472624,43.07694938619685,,0.06913743353749283,0.04086256646250717,0.055,0.22798026230356,0.7225768118686563,0.6654231881313436,0.694,0.46082968654373824,True,,,,,,,,,,,,,,,,,1,nan,nan,0.73134,nan,deterministic,nan,nan,0.9946866666666667,nan,-2.952028384137741,-3.166084279500503,-3.059056331819122,1.7259327530349025,task_potential,single,0.2815819089738703,0.27192309047001834,0.2767524997219443,0.07787905669762651,nan,nan,0.72296,nan,,,,,nan,nan,0.0,nan,,,,,,,,,nan,nan,0.009426666666666667,nan,999,evaluation_episode
baseline_random,nan,nan,0.0,nan,,,,,0.06913743353749283,0.04086256646250717,0.055,0.22798026230356,0.08783348195216283,0.050166518047837186,0.069,0.303708742053962,,,,,1.1400492068095882,1.027950793190412,1.084,0.9038495450018217,nan,nan,0.0507380073800738,nan,1.4344956900971946,1.2875043099028054,1.361,1.185191545700525,0.7,150.0,150.0,150.0,0.0,80.88152005406405,59.154843582299584,70.01818181818182,40.729034052823216,45.739441826299014,39.451569409656045,42.59550561797753,42.77130039061124,,0.06913743353749283,0.04086256646250717,0.055,0.22798026230356,0.7400808059225739,0.6839191940774261,0.712,0.45283109433871693,True,,,,,,,,,,,,,,,,,1,nan,nan,0.73134,nan,deterministic,nan,nan,0.9946866666666667,nan,-3.014328112367115,-3.2305978846044616,-3.1224629984857883,1.743783242985465,task_potential,single,0.2815819089738703,0.27192309047001834,0.2767524997219443,0.07787905669762651,nan,nan,0.72296,nan,,,,,nan,nan,0.0,nan,,,,,,,,,nan,nan,0.009526666666666666,nan,999,evaluation_episode
bdqn,0.0,0.0,0.0,0.0,,,,,0.15179243336488113,0.035707566635118856,0.09374999999999999,0.03648173058760599,0.1926744039184642,0.04032559608153581,0.1165,0.047878317987721054,,,,,1.182186307855244,0.8068136921447562,0.9945,0.11796750965131604,0.14508643839389918,0.04353212259949666,0.09430928049669791,0.031915246949843656,1.4825918753293155,1.027908124670685,1.2552500000000002,0.14289244206745152,1.0,150.0,150.0,150.0,0.0,59.472484579215546,22.148460203701077,40.81047239145831,11.729737390167966,58.61479521816212,11.800452454328244,35.20762383624518,14.712238455007505,,0.14948635022164689,0.03401364977835309,0.09174999999999998,0.0362893464623802,0.8027052432123879,0.5312947567876122,0.667,0.08529556455838333,False,,,,,,,,,,,,,,,,,4,0.7204761297663765,0.5556505369002903,0.6380633333333334,0.05179936922252869,posterior_mean,1.0001409954748113,0.9903490045251885,0.9952449999999999,0.003077307023765835,-2.1157834523058967,-3.6321340656267602,-2.8739587589663285,0.4765401047519999,task_potential,single,0.27267854827368654,0.210868951124083,0.24177374969888477,0.019424763403395214,0.849134510859887,0.8056921558067797,0.8274133333333333,0.013652531443465515,,,,,0.0,0.0,0.0,0.0,,,,,,,,,0.003255101686775227,0.000998231646558106,0.0021266666666666665,0.0007092614834120431,"43,44,45,46",training_seed
bdqn,0.0,0.0,0.0,0.0,,,,,0.09850766249749862,0.012992337502501387,0.05575,0.026874709300753374,0.1226847826628981,0.020815217337101885,0.07175,0.03201431971269523,,,,,1.0034976121981254,0.7715023878018749,0.8875000000000001,0.07290861860347282,0.10391673922654256,0.01961665980379146,0.06176669951516701,0.026492796801618822,1.2692433759981774,0.9707566240018228,1.12,0.09380476178389524,1.0,150.0,150.0,150.0,0.0,62.10983756018478,27.227547400206653,44.668692480195716,10.962379057189859,36.75764965303556,22.591779621790295,29.674714637412926,4.451876188323465,,0.09612018698099917,0.012879813019000826,0.0545,0.026159765544311236,0.6712600561541882,0.5342399438458121,0.6027500000000001,0.04306100323959023,False,,,,,,,,,,,,,,,,,4,0.6249783920747154,0.5035482745919513,0.5642633333333333,0.038161570547694555,posterior_sample,0.9956546866463772,0.9933319800202892,0.9944933333333332,0.0007299517995248571,-2.6388535347597304,-3.187229378682565,-2.913041456721148,0.17233684598454901,task_potential,single,0.2368668969183278,0.19133060278063146,0.21409874984947963,0.014310588981048495,0.8680227848654226,0.8257072151345773,0.846865,0.013298419148600025,,,,,0.0,0.0,0.0,0.0,,,,,,,,,0.002351833646561826,0.0004714996867715074,0.0014116666666666668,0.0005909283343149965,"43,44,45,46",training_seed
ddqn,0.0,0.0,0.0,0.0,,,,,0.1160282842350151,0.03547171576498489,0.07575,0.025316332014465814,0.14476060832995435,0.035239391670045625,0.08999999999999998,0.03441898700814228,,,,,1.3972609445602817,0.5932390554397181,0.99525,0.25267815497189305,0.10665958088394012,0.04537284668948016,0.07601621378671014,0.019260444435719663,1.7663625377666037,0.7271374622333964,1.24675,0.3265949326000023,1.0,150.0,150.0,150.0,0.0,69.04927314917197,33.79307154382116,51.42117234649657,11.079887368117792,32.53588823275594,7.877891338587206,20.20688978567157,7.749213354547055,,0.11183790028299026,0.03466209971700973,0.07325,0.024253865671269807,0.8805426475351148,0.42895735246488503,0.6547499999999999,0.14191869738222182,False,,,,,,,,,,,,,,,,,4,0.8612292183619283,0.40735411497140506,0.6342916666666667,0.14263831030500418,deterministic,0.9944547832989851,0.9929918833676815,0.9937233333333333,0.00045974227885087584,-2.5833073931396147,-4.1267290427480345,-3.3550182179438246,0.4850476585821557,task_potential,single,0.3254609567815798,0.1552577931830299,0.24035937498230486,0.05348936631004084,0.9103803441511968,0.7558796558488032,0.83313,0.048554584633058985,,,,,0.0,0.0,0.0,0.0,,,,,,,,,0.0030298078139094804,0.0007968588527571862,0.0019133333333333333,0.0007017438595701743,"43,44,45,46",training_seed
